AGENT_ID,AGENT_CODE,FIRST_NAME,LAST_NAME,EMAIL,PHONE,LICENSE_NO,COUNTRY,STATE,CITY,STATUS,HIRE_DATE,CREATED_AT
be030816-dd12-458f-9f8e-46e898a59ba5,AGT57695390,John,Davies,joshua44@example.org,(413)624-5563,LIC71372923,UK,Montana,Port Davidport,ACTIVE,2018-07-04,2023-10-23 14:35:52
6a6c0625-2732-4e3a-9f37-606de30350b2,AGT4943572,Alexis,Greene,ielliott@example.org,+1-760-665-4542x9727,LIC779180139,US,Maryland,South Deborahborough,ACTIVE,2025-04-18,2025-07-22 12:37:42
c52caaf4-8740-4da5-a6d2-a4a34f5bedd3,AGT54088912,Kelli,Williams,michaelmiles@example.net,784.301.0437x422,LIC62667924,IN,New Jersey,New Brian,ACTIVE,2021-03-03,2025-09-13 18:12:01
80a738ae-dce3-47d7-9d42-fb66b053a6b6,AGT552484144,Julie,Greene,jean31@example.net,+1-926-552-1167x6556,LIC30414415,IN,North Carolina,South Albertport,ACTIVE,2024-10-09,2025-06-26 21:15:01
069ddb7c-df12-4354-b6cc-ca4029110f60,AGT147171429,Lauren,Whitehead,dianegarrett@example.net,548.380.5294x580,LIC552615733,US,Minnesota,Hollandfurt,ACTIVE,2025-01-05,2026-01-01 23:04:22
6c86eb88-161c-4c23-8edb-d00cb15e74ae,AGT67267477,Richard,Reid,melissacarroll@example.com,447-229-2169x631,LIC18933911,IN,Kentucky,North Jessica,ACTIVE,2015-11-04,2022-05-14 00:52:10
8fd13990-c6d6-45fb-a142-260e646ff9fa,AGT19661133,Rachel,Rose,fosterdeborah@example.net,001-333-901-5734x24712,LIC1467795480,US,Pennsylvania,Lambberg,ACTIVE,2016-08-14,2018-11-09 23:41:13
80eb41b2-13d9-4331-af95-5cba0e22022e,AGT5386515,Vicki,Wilcox,joseph57@example.net,001-205-976-5541x466,LIC389229523,UK,Mississippi,Evelynland,INACTIVE,2025-01-14,2025-06-28 10:40:56
2ed24a5f-16e7-4f90-ae84-c3ac117a24f1,AGT65439921,Brooke,Andrews,rogersandrea@example.com,6666295935,LIC83984968,US,Virginia,Tiffanyland,ACTIVE,2025-09-03,2026-01-13 15:27:02
099caa2b-cfab-4e4a-ac72-9eac2f75d16d,AGT188415001,Frederick,Ward,brendamiller@example.com,(864)878-3602x5452,LIC883979625,US,Mississippi,East Elizabethport,ACTIVE,2013-11-18,2024-12-24 23:00:09
fe1d8a02-0604-4033-9c6d-5bb7145103c2,AGT82841431,Gregory,Turner,davismatthew@example.net,(320)759-1744,LIC33511976,US,Hawaii,Lake Aliceview,ACTIVE,2019-02-06,2020-11-14 03:48:18
ba4d475f-9eb8-49de-b124-e23ffe5a7bea,AGT11793237,Patricia,Brown,vancekim@example.net,8964140362,LIC11938394,US,Nevada,North Michelle,ACTIVE,2025-08-06,2026-03-03 23:18:51
d6bc30fe-629e-4d23-9f8c-edea852c971c,AGT160290585,William,Parker,laura18@example.org,+1-448-637-7011x299,LIC107161162,IN,Maryland,West Rubenbury,ACTIVE,2026-04-03,2026-04-03 22:36:38
a6ae5a73-71de-400c-b405-f911a0a2d5ba,AGT16126239,Misty,Stephens,mmoore@example.net,+1-883-729-7572x0248,LIC9499036953,IN,California,New Carrie,INACTIVE,2023-06-27,2024-06-21 13:25:14
22eaa04e-02ad-43ae-8e8f-ee6a754b7a65,AGT36023914,Christopher,Hunt,matthewssusan@example.com,744-281-6066,LIC3906903275,US,Massachusetts,New Johnmouth,INACTIVE,2022-05-11,2023-05-15 20:03:54
d354746e-9a0b-4d0d-b2d4-0bfd2de5d0dc,AGT722955956,Brandon,Smith,toni80@example.net,908.551.0565,LIC497406239,US,Oregon,Jenniferton,ACTIVE,2010-07-20,2012-05-02 03:31:16
457d7750-9286-4316-9d5e-3b8926fe7b15,AGT159202596,Sheila,Jones,mary32@example.net,(613)635-8825,LIC93382337,US,New Jersey,Port Noahhaven,ACTIVE,2014-09-22,2020-01-20 11:11:54
86b55d10-4c32-4eb3-b634-c72926328106,AGT679883381,Lucas,Paul,cookekimberly@example.com,001-550-548-5948,LIC85120445,US,Oregon,Rodneyville,ACTIVE,2018-10-29,2023-08-10 03:01:16
135fc882-e2f5-4b8f-9b2c-b6cf2c2e354a,AGT3053159,Amy,Kelly,oknapp@example.com,+1-822-336-0651x28569,LIC4584048175,US,Oregon,South Ashley,ACTIVE,2024-07-06,2025-06-11 07:24:25
14e44cdc-77b5-43d7-82bb-94d57d595641,AGT7361459,Carol,Mcdaniel,jefferyparker@example.net,491.400.6344x23267,LIC547468734,IN,New York,Carrollburgh,ACTIVE,2025-12-16,2026-01-24 16:14:34
71841b28-5fb2-4c23-af0a-33c807b2ef71,AGT930824045,Sandra,James,smithkristen@example.com,+1-900-571-9680,LIC7251187776,US,Michigan,Lindaland,ACTIVE,2011-08-04,2012-02-18 20:20:29
ba666daf-655f-4d51-93c6-dc91dcf7328a,AGT188464092,Edwin,Cooper,orozcokristin@example.com,+1-906-796-8116x81476,LIC45443096,US,Wyoming,Heatherberg,ACTIVE,2011-02-21,2024-09-07 05:39:04
97e82fa5-b416-4c90-9316-3fbd3f2f8efa,AGT27756220,Michael,Barry,richard34@example.net,(846)594-7923x664,LIC3575113621,US,North Dakota,Smithton,INACTIVE,2018-06-17,2024-10-13 21:06:04
1f2542f4-0d7c-4413-b8af-1b7c2a1aed74,AGT7314817,Eric,Cardenas,lisawatts@example.net,(747)205-7393x7582,LIC62978404,US,Ohio,Mccarthyview,ACTIVE,2010-09-14,2015-12-25 18:39:40
56f9a83a-9030-43f4-a2d5-7211b8de2b8a,AGT99097707,Joshua,Curtis,sandra10@example.com,(899)293-4408x7424,LIC46551746,IN,Colorado,South Heather,ACTIVE,2016-03-12,2020-02-10 07:20:58
044a5bf7-3fa9-46fd-b959-c7c824ff3f99,AGT853439826,Ashlee,Calderon,longdawn@example.org,(607)644-5851x779,LIC208470764,UK,Wyoming,Matthewport,ACTIVE,2011-12-20,2019-02-24 20:50:34
0488c2d6-b0fb-4615-94d4-03622d6b23ac,AGT220509051,Angela,James,jimenezmatthew@example.com,885.608.8785x33970,LIC49408488,UK,Arizona,East Ashley,ACTIVE,2011-07-27,2023-11-30 12:01:39
a6d78a52-84f2-4a75-b722-45d63fa35d2c,AGT9430142,Erin,Jackson,mclaughlindarryl@example.com,001-560-840-5591x34684,LIC277534208,UK,Kentucky,South James,INACTIVE,2010-06-13,2021-06-02 04:03:39
659026b7-5055-4e96-832d-abe1a29ca627,AGT5546791,Heather,Nicholson,kingchristopher@example.org,(405)520-8320x606,LIC3684184246,IN,West Virginia,Michaelfort,ACTIVE,2022-03-04,2023-11-04 14:52:20
7b9d30b4-9d5a-4cac-b433-67c995d76e6e,AGT42639228,Danielle,Alexander,hendersonfrank@example.org,538.699.2066x51117,LIC89191481,UK,Arizona,West Jeffrey,ACTIVE,2011-08-16,2021-03-31 12:37:31
aee37484-164d-428c-b0d5-8c62bf7a4775,AGT49249595,Emily,Martin,shirleycochran@example.net,352-804-1369,LIC78959332,IN,Nebraska,Smithfurt,ACTIVE,2024-08-14,2025-06-18 20:57:19
e60df9c5-a349-4ceb-a269-9ad19da73d89,AGT3421783,Danielle,Jones,benjaminlawson@example.net,(828)596-8471,LIC51947803,US,New York,Frankburgh,INACTIVE,2019-09-06,2020-12-22 07:09:14
a69ec749-9bed-4e7a-bf27-2035d24d6c0a,AGT5531785,Richard,Wheeler,lucas01@example.net,366-570-5398x0142,LIC863209416,UK,Michigan,Melissabury,ACTIVE,2010-05-05,2010-10-03 12:25:00
e8cd3aaf-6909-4459-9180-a9565f9379cd,AGT770880406,Timothy,Russell,gnorris@example.net,422-427-9773x73100,LIC306680495,US,Virginia,Florestown,ACTIVE,2022-08-23,2025-08-21 01:48:47
c4046ead-3609-40fa-aecf-86f81bc4c9e8,AGT86047743,Cheryl,Fleming,larry17@example.net,462.288.5654,LIC407530453,UK,Virginia,South Kellyview,ACTIVE,2022-12-17,2023-08-09 10:43:57
5ea52b3e-df09-46b5-82d6-06ab09218fcf,AGT1596271,Paul,Ellis,davismichael@example.org,(859)823-2042x68476,LIC64673123,US,Arizona,South Keith,ACTIVE,2023-07-18,2024-12-12 08:34:43
d9779720-1013-43de-9e41-11dfb1e453d6,AGT19522242,William,Soto,oharris@example.org,+1-363-367-6852x014,LIC63866848,UK,Alabama,North Shannon,ACTIVE,2016-11-22,2025-01-05 04:20:55
cb9988a3-de12-434c-8369-6325eb6a5555,AGT517433879,Madeline,Long,ryannash@example.org,742.535.4150,LIC712600190,US,Kentucky,South Michael,INACTIVE,2013-12-22,2021-09-16 07:24:32
c8b1d4fb-d646-4556-81d7-0e879736b14f,AGT1915612,Elizabeth,Marshall,jasminanderson@example.net,(759)921-9202x525,LIC84855986,US,Missouri,East Mark,ACTIVE,2022-10-24,2024-08-08 23:04:37
ec0eb1de-7ec4-43a0-8e24-c924a0075120,AGT4598204,Jesse,Wright,erica18@example.com,619.348.1296,LIC662809669,US,Michigan,Shannonchester,ACTIVE,2025-01-17,2025-10-04 10:17:15
65ee32de-105b-4c3a-b8f6-5865f44527d8,AGT634930849,James,Wilson,warrenvanessa@example.net,(401)895-2728,LIC74600527,IN,Missouri,Khanside,ACTIVE,2018-04-29,2019-11-24 08:09:50
f5f3678c-47cd-4704-99bc-befa0a2f2479,AGT696612094,Brett,Perry,ivargas@example.org,5376351096,LIC67076945,US,Texas,West Tyronefort,ACTIVE,2018-01-14,2022-08-08 16:02:34
335706b5-8ae8-4c0d-b2c4-745b3471de6b,AGT33724632,Emma,Harris,tcampbell@example.org,901.429.8175x93814,LIC4526952632,US,Arizona,Herrerabury,ACTIVE,2014-03-12,2016-11-17 07:33:36
8110ab03-9e37-47d2-9e4c-790670719e79,AGT33537297,George,Charles,abennett@example.com,617-776-6768x62261,LIC35832616,US,Pennsylvania,Port Mike,ACTIVE,2020-05-02,2025-03-28 10:30:21
7d2e891a-b372-4068-a0c4-574bd7fc0c25,AGT99576832,John,Waller,susan30@example.org,(823)616-5096x88865,LIC4271621312,US,Minnesota,South Amber,INACTIVE,2024-04-26,2025-01-03 12:11:44
06d54e1b-ef81-4420-a5dc-78ab48a057ca,AGT98670941,Bruce,Gregory,tross@example.net,806.480.3994x09934,LIC7766631432,US,Kentucky,West Emilyland,ACTIVE,2021-10-07,2022-12-05 14:16:30
910e625b-29e5-434c-a453-df4938fdd8b3,AGT970150009,Tina,Luna,sanchezlisa@example.net,+1-927-317-8665x086,LIC46065773,UK,California,Beckyborough,ACTIVE,2015-08-22,2020-01-06 23:29:01
e13112bc-1456-415d-8ca4-089924468bb2,AGT413373060,Brenda,Perez,plewis@example.org,+1-964-485-3619x308,LIC6299393095,IN,Pennsylvania,South Meganstad,ACTIVE,2023-07-17,2024-08-29 11:11:08
0237f349-12c4-4dc8-b472-0a6c81a2dcfe,AGT33421390,Denise,Martin,michaelmejia@example.org,366.900.0299x901,LIC601988551,US,Washington,Earlstad,INACTIVE,2011-02-23,2014-11-27 00:22:57
b4d5e0d9-4919-44c5-b096-545bfe6b6d6b,AGT240648567,Caitlyn,Brooks,daniel14@example.org,289.597.0277x820,LIC124206135,US,South Dakota,Baileyburgh,ACTIVE,2019-08-10,2026-03-23 16:21:23
0aedf648-d94e-4c91-943b-801ed8af2296,AGT107317715,Nicholas,Brown,uwelch@example.com,+1-473-967-3005,LIC59310324,UK,Kentucky,West Tracymouth,INACTIVE,2019-10-28,2025-11-16 19:26:01
a33ce0ff-ef63-4d6d-b0d3-315dd4c776b9,AGT637834296,Lindsey,Rodriguez,keith08@example.org,+1-742-803-1578x421,LIC174717835,UK,Connecticut,Bryanmouth,ACTIVE,2019-10-25,2023-03-20 10:43:55
806927ba-07df-495a-8d68-22c20c566501,AGT452691383,Samuel,Serrano,briansingh@example.com,240.470.0264x940,LIC670277777,US,Utah,Port Maria,ACTIVE,2020-12-19,2022-03-10 23:26:47
b482146b-0b47-475e-a05f-14e89d826aa3,AGT28802323,Alexander,Jacobson,sherry32@example.com,001-448-289-7040x183,LIC112388728,IN,Hawaii,Hayeschester,ACTIVE,2025-05-10,2026-02-05 04:25:38
48e2d4fc-1352-48f1-ad7a-466d66980234,AGT45511353,Jenna,Valdez,jcohen@example.org,2574583104,LIC84857733,US,Indiana,Ryantown,ACTIVE,2017-06-12,2017-10-04 23:13:54
3fca68d1-91f9-4942-bf94-2f2cc7cd0eb4,AGT223781323,Benjamin,Fowler,lrocha@example.org,3395469949,LIC224160146,UK,New York,New Matthew,ACTIVE,2023-05-05,2025-06-10 21:25:59
10bdea97-b439-4c99-b4ae-7952d67c8f35,AGT93395323,Dakota,Ferguson,jameskennedy@example.com,986-904-9623,LIC236569994,UK,Rhode Island,Lake Kimberly,INACTIVE,2019-11-06,2024-10-15 08:14:10
c832acb8-5b02-4a19-9e67-d4bd5ab8a531,AGT7713065,Kimberly,Martin,laraelizabeth@example.net,656-552-2016x39290,LIC3623365289,US,Mississippi,Aliciaburgh,ACTIVE,2018-06-01,2025-06-10 15:35:52
6199fede-9948-4644-89e0-86e234a3586e,AGT38424112,Barbara,Nichols,hernandeztara@example.com,(264)859-4425x374,LIC173308933,US,Georgia,New Daniel,INACTIVE,2013-01-12,2017-10-10 05:38:53
2f81b55d-c581-44a3-b95d-06302af0c107,AGT5453638,Kaylee,George,roberthayes@example.org,698.405.6270x4216,LIC122774226,US,Michigan,East Andrea,ACTIVE,2015-09-10,2020-03-27 23:17:05
55ae180f-0ae3-458a-80e9-6e198283d894,AGT333401772,Natalie,Cunningham,jaime90@example.net,708-896-0466,LIC916270838,UK,Louisiana,South Elizabeth,ACTIVE,2012-01-11,2019-02-13 14:33:17
b300d692-04d1-425a-aade-ff1b9b914dde,AGT87308956,Jennifer,Smith,christophercarr@example.net,446-366-3781,LIC378840102,UK,Hawaii,Nancyville,ACTIVE,2024-01-18,2024-03-20 02:22:47
65aa6594-a38a-49a2-9e64-f076b77ba29c,AGT9880916,Jennifer,Hayes,crystal52@example.net,+1-890-638-0901x6783,LIC8512129190,IN,Washington,West Walter,ACTIVE,2022-02-06,2023-02-26 15:40:42
6d68dea1-7d6e-4fe3-b109-3f2abca16d8d,AGT7478759,Teresa,Stuart,keith10@example.org,001-713-802-0390x70487,LIC61981397,US,Montana,Bensontown,ACTIVE,2010-09-23,2012-05-16 02:33:15
81b8363a-bc26-4ab2-a251-e12ef1528091,AGT496506846,Amber,Meyer,salasnicholas@example.net,(237)316-2541,LIC3985744562,UK,Minnesota,East Katherine,ACTIVE,2025-02-05,2025-08-10 00:03:51
f8721ade-335e-4d9d-81dc-b7027dd88221,AGT1827396,Richard,Osborne,michael69@example.com,(587)888-6693x00213,LIC34382888,UK,Rhode Island,Ferrellland,ACTIVE,2026-01-07,2026-03-27 08:02:15
198d6433-76a9-4caa-a529-0419f031eaf9,AGT1903664,Brian,Hodge,ybradford@example.org,+1-808-971-0743,LIC567930637,IN,Mississippi,New Abigailmouth,ACTIVE,2023-01-15,2026-03-20 19:19:51
0d46d9d1-8fac-4f65-be13-8c1d96c2d6ab,AGT592467502,Crystal,King,david00@example.org,(701)853-0623,LIC95173893,UK,Maine,South Andrew,INACTIVE,2017-05-07,2018-09-26 07:25:17
95155a75-aa19-41aa-bd5d-dfb7b0c58db3,AGT2565854,Sandra,Smith,anthony26@example.com,(398)313-7175,LIC6899458747,IN,New Mexico,North Elizabeth,ACTIVE,2019-04-24,2024-04-09 16:43:16
2d305315-9eb3-44a3-a152-a1bcd4f42bf7,AGT24653819,Victoria,Velez,keithsexton@example.com,(810)330-3176,LIC5410754252,UK,Virginia,Heathmouth,INACTIVE,2025-06-02,2025-09-23 18:12:55
492b05d7-678c-4bb0-b1a6-596077ca5e49,AGT34484576,Anthony,Costa,matthew97@example.org,+1-372-548-1726x3209,LIC877721011,IN,Wisconsin,South Jeremy,ACTIVE,2010-01-04,2016-09-12 17:53:24
78e663e8-f419-4b38-a388-7295380d5a20,AGT1800259,Douglas,Bell,annacook@example.org,001-738-234-4356x9007,LIC23919817,IN,South Carolina,Danielmouth,ACTIVE,2016-11-14,2020-03-25 16:24:02
292e2b4a-8886-4b53-bcb3-1f4b1f555d1b,AGT77306277,Robert,Rice,ericjordan@example.org,574.830.2211,LIC49882165,US,Utah,Stewarthaven,ACTIVE,2014-10-20,2018-06-21 13:36:10
2d9f38ab-df0c-4079-8c6a-096780b47137,AGT6034121,Jessica,Martin,hudsonchristopher@example.org,+1-456-609-9840x5090,LIC711812503,UK,New Hampshire,West Jasmineville,INACTIVE,2019-10-15,2020-03-21 22:51:53
344008dc-4496-4156-a454-e36551c04a91,AGT8811781,Ebony,Martinez,joseanderson@example.com,+1-780-267-7639,LIC66428797,US,Connecticut,Terrelltown,ACTIVE,2021-05-18,2024-08-19 22:24:15
69ae48a1-e272-43e0-9066-69e86eebb082,AGT169431079,Teresa,Phillips,twalker@example.com,996-741-5634x70575,LIC463459952,UK,New York,Jasmineport,ACTIVE,2010-01-01,2024-10-08 04:41:21
dc07c354-d828-45b5-bdd4-fc2ec888ef01,AGT401001336,Devin,Conway,elizabethestrada@example.com,001-420-889-9397x996,LIC862615227,UK,South Dakota,Coxfurt,ACTIVE,2020-09-27,2026-02-10 23:34:54
79a04254-a127-46bd-8b7a-8c96aef108c3,AGT2713275,Carrie,King,johnhamilton@example.org,001-383-990-7127,LIC7309375448,IN,Washington,South Joseph,ACTIVE,2023-08-10,2026-01-13 21:35:48
b39270a3-dead-4f50-be91-92001fd0f0fd,AGT2393706,Vanessa,Lawson,elizabethquinn@example.com,997-319-9287x3807,LIC540008836,UK,Alabama,Lisaton,ACTIVE,2025-11-15,2025-11-26 20:01:43
f9b3f9fb-5e68-4e6c-a7d2-2b2fb7877260,AGT938927410,Tammy,Evans,thomas82@example.org,+1-383-804-7034,LIC906109731,UK,Florida,Brownshire,ACTIVE,2014-07-19,2020-07-01 11:44:17
f82ca310-f3ad-463b-9d0f-e713a853da27,AGT26155985,Carol,Patrick,donnafritz@example.net,858.268.4518,LIC1490063065,UK,Washington,East Ashleyville,ACTIVE,2020-03-08,2022-10-20 17:53:55
938e2efb-b9d3-4beb-8570-ffc10ca5217b,AGT57857278,Natalie,Smith,cramirez@example.org,001-420-886-5027x5597,LIC730889438,IN,Montana,Elliottbury,ACTIVE,2020-03-28,2024-10-02 10:48:20
19cfb107-143a-4fcf-a989-9fd1418923a4,AGT17389668,Jeffery,Bishop,cristinaanderson@example.com,001-747-846-9782,LIC1541458602,US,Louisiana,Stricklandberg,ACTIVE,2012-09-17,2017-02-03 14:41:34
03d2ce67-76e7-40a9-915b-820fecd6d93c,AGT15581927,Gregory,Thomas,amber53@example.com,790-867-7505x3710,LIC5952093349,UK,Wyoming,Martinmouth,INACTIVE,2023-11-28,2023-12-31 05:16:04
c376a403-9e23-434a-b62f-70e2a8168cf0,AGT27749276,Nicole,Mccullough,ryan76@example.org,6587449057,LIC62411862,US,Montana,Lambertport,ACTIVE,2021-01-14,2023-03-11 23:01:41
022b09bc-5357-4733-89c2-1254a6dceafe,AGT881257278,John,Young,uowen@example.com,(727)498-5060,LIC731059329,IN,North Dakota,Port Marcland,ACTIVE,2022-07-22,2025-03-26 17:22:38
52103d20-3c87-47bf-9c50-3b49ba353c45,AGT450043498,Patrick,Simpson,kathryn02@example.org,263.749.7689x80058,LIC74177020,UK,Kentucky,North Jacqueline,ACTIVE,2022-03-10,2024-10-07 01:49:49
8fcc8272-0a7a-45d4-9274-f1391183f87a,AGT61551884,Michael,Brown,millerteresa@example.org,926.373.8626,LIC4340574650,IN,Alaska,Lake Donna,ACTIVE,2021-01-21,2021-05-28 19:39:42
9a2e6349-fc2c-44c2-a53d-a7f703bf4023,AGT1250609,Patrick,Fields,zallen@example.org,+1-699-621-6263x268,LIC650776887,UK,Nebraska,New Kevin,ACTIVE,2022-06-03,2022-07-09 00:40:48
876c57b2-cfc7-40b2-a16f-3bf10d6614a5,AGT4831950,Traci,Harrison,brittany70@example.com,001-620-698-0154x505,LIC35370527,US,Arizona,East Michelle,ACTIVE,2024-03-27,2024-12-26 19:25:04
d2fb4097-a100-4b49-abc8-78b97d54b4b2,AGT564677115,Sean,Roberts,nicolefletcher@example.com,(339)889-1283,LIC8086100455,UK,North Carolina,New Douglas,INACTIVE,2010-03-28,2010-08-02 10:30:08
a6511182-940a-45c4-9bbd-dea8499bac16,AGT369575082,Wanda,Harvey,stephengonzalez@example.com,001-416-846-9292x25578,LIC1690405622,IN,Montana,East Justinstad,ACTIVE,2023-11-26,2024-09-11 17:20:00
86a4e63a-4f54-40b1-b3f8-af5fde2681f9,AGT3817116,Todd,Gamble,jessica53@example.org,(311)315-5281x3323,LIC2989025484,IN,Texas,Taylorbury,ACTIVE,2012-11-25,2024-10-23 19:42:51
3679cd5f-7fb1-4934-94c8-c685ceb7347d,AGT3655392,Dana,Brown,william31@example.org,+1-604-492-3781x1667,LIC7376271139,UK,Massachusetts,Kylemouth,ACTIVE,2017-10-08,2019-11-30 00:13:23
1fa45acc-aa03-4072-819c-7f26754d320e,AGT5185899,Lindsey,Smith,michaelpope@example.net,900-528-0112x3885,LIC70622319,US,Kansas,Lake Joan,INACTIVE,2014-06-24,2021-02-19 20:28:09
879f6472-6dc7-4164-9f6a-ed974455751f,AGT610259355,Zachary,Rodriguez,ccraig@example.org,+1-452-555-1190,LIC665408062,US,Delaware,North Rubenland,ACTIVE,2023-02-09,2023-07-13 16:53:00
603d1c57-c362-4b4a-86ec-04e13b968bd2,AGT28678282,Edward,Campbell,samantha83@example.com,213.639.7848x440,LIC375243213,US,Connecticut,Hannahmouth,ACTIVE,2023-01-11,2023-05-18 20:38:10
e02bfd3f-51a7-45b5-be90-2c8c7bfd3a47,AGT155693919,Susan,Moore,millsjeff@example.net,001-401-478-4390,LIC27388795,IN,Oregon,Leemouth,INACTIVE,2020-01-11,2020-01-28 11:45:56
46c6fe5c-ea46-4c61-b3c1-bfd249f0f615,AGT883041205,Kelly,Torres,handerson@example.net,+1-817-476-2109x2195,LIC9265487632,IN,Kansas,Philliphaven,ACTIVE,2025-05-21,2025-11-06 21:47:29
14b5fe5c-4392-40a8-86b6-a36b2e96d24a,AGT659663160,Tracy,Butler,sonyahenderson@example.net,001-934-602-4329x44628,LIC94937733,US,Iowa,Bellburgh,ACTIVE,2024-03-10,2025-12-17 15:12:14
8487d16c-62dc-4a2a-9b35-4d5e4f779a61,AGT639743269,Matthew,Henry,mho@example.com,(370)866-0807,LIC39493019,IN,Wyoming,New Ericmouth,ACTIVE,2023-12-30,2024-04-01 17:10:58
7373a99e-258d-4c00-8946-393cfaa47b1c,AGT8324231,Andrea,Johnson,amiller@example.org,6416622636,LIC19384788,UK,Washington,North Kevinstad,ACTIVE,2017-09-06,2021-12-15 01:33:11
d7e7a27b-91cc-4cb8-8c7d-d4f6be04118d,AGT739379325,Paul,Anderson,kellybrenda@example.org,(495)588-9485x562,LIC24442280,UK,Arkansas,Collinsburgh,ACTIVE,2016-10-03,2019-09-08 16:26:12
f2d7e7ec-214b-40ea-ae0c-65fef7a256f2,AGT80690099,Daniel,Mason,arios@example.com,(643)353-0800x08103,LIC38998703,UK,Connecticut,South Ana,ACTIVE,2018-10-30,2022-06-09 11:34:57
b323da24-615c-4d36-bc26-239f8cdb2b8b,AGT296611651,John,Kelly,autumn32@example.org,+1-990-619-3442x7560,LIC11167902,US,Vermont,Brianbury,ACTIVE,2015-10-14,2021-10-17 07:08:35
732c3f18-3823-4e55-81dd-51a844415d27,AGT11777806,Rhonda,Turner,vcollins@example.net,+1-960-389-6045x283,LIC57775535,UK,Hawaii,Lake Carrieside,ACTIVE,2021-01-08,2024-06-21 13:42:30
aa5299b9-a72b-4819-bf60-6b4c97032306,AGT19549347,Kristen,Fuller,veganicole@example.com,202.546.2053x5004,LIC111754920,IN,North Dakota,Phillipsborough,INACTIVE,2014-06-29,2024-04-26 16:51:22
6fa57f92-0195-4853-898f-3e2ec4dd5e9c,AGT22366453,Andrea,Johnson,colebrian@example.org,001-797-543-4620x540,LIC790979738,IN,New Hampshire,East John,ACTIVE,2013-12-24,2015-11-21 21:44:45
1a910666-fa68-4b34-98f1-e6bca35eb6e0,AGT28057496,Michael,Hughes,pruittolivia@example.com,(443)506-0683x000,LIC2812741299,IN,Montana,East Frederickborough,ACTIVE,2019-11-07,2026-01-07 12:13:57
1020a616-862e-4faf-ad5c-418cfb311f90,AGT59349927,Shannon,Wells,wilsonraymond@example.net,+1-868-203-0384x98454,LIC1774054059,UK,Florida,New Robert,ACTIVE,2023-12-17,2024-03-06 05:38:13
d609d6f5-8a8a-46fd-9746-8a8dff1106d9,AGT7914775,Marissa,Powell,oboyd@example.com,+1-408-224-4470x9231,LIC18462189,IN,Georgia,Woodsshire,ACTIVE,2023-02-26,2024-05-25 15:24:55
988cbe82-2ac7-4a9a-856c-6290f77b7743,AGT36251320,Erik,Riley,brendapatton@example.net,+1-814-926-3798,LIC25595256,IN,North Carolina,Johnsonburgh,ACTIVE,2018-07-10,2022-08-04 23:44:00
438656aa-abf9-4324-a60e-48b816f1e7b2,AGT224665655,Amy,Simmons,felicia66@example.org,(775)933-0699,LIC9713243516,US,North Dakota,Port Colleentown,ACTIVE,2012-03-01,2015-09-29 09:54:45
f214e73c-a665-4017-9360-2b18f93f6812,AGT917954215,Michael,Wall,brittanyjohnson@example.org,001-645-906-5778x15662,LIC44249016,IN,Arizona,New Steven,ACTIVE,2025-05-18,2026-01-11 01:58:30
5770288c-d58c-434b-bff7-23fbd295403e,AGT336157181,Joan,Gonzales,ngreene@example.com,+1-289-623-7124x348,LIC41868470,UK,Maine,Ellishaven,ACTIVE,2016-04-30,2025-08-03 07:52:19
fb2b1b05-50fa-467b-bc98-2c65f8cd25d9,AGT4852864,Christopher,Guzman,zachary97@example.com,(410)251-8584,LIC933006869,US,Michigan,Parsonsburgh,ACTIVE,2014-11-12,2020-09-27 20:58:42
094279a4-90a9-4242-9196-9d3eba46bc96,AGT1330684,Christopher,Ross,michael90@example.net,(464)290-0410x43182,LIC827083890,IN,Oregon,Darrenberg,ACTIVE,2012-05-31,2017-01-31 17:05:15
e9c77c85-0ba6-4ae9-95d1-dd362c81b8a1,AGT703084667,Catherine,Fischer,kingmary@example.net,900.930.7332x839,LIC74573033,UK,South Dakota,North Kaitlynport,ACTIVE,2025-05-05,2025-12-11 23:26:17
4901f9a2-3e02-45f7-9dd2-08e48b9d6b8f,AGT7400855,Derrick,Watson,erindaniel@example.net,6987006577,LIC2709002970,US,Ohio,East Rachelton,ACTIVE,2010-08-08,2011-04-01 06:45:07
8fdf6208-cdd5-46e3-9d2f-677068df74d9,AGT758802172,Kelly,Flowers,stephaniebowman@example.com,770.666.2862x13955,LIC14552478,IN,Georgia,Angelahaven,ACTIVE,2011-05-05,2019-05-19 08:05:41
9390a805-8ca9-451c-9ca7-1e4fe480a907,AGT470937995,Ashley,Cook,douglas62@example.com,9329050424,LIC7116823846,IN,Virginia,South Micheal,ACTIVE,2013-11-29,2016-11-01 04:26:10
dd3de905-04dc-49e8-a5c2-2fccbb9ea569,AGT15553667,Robert,Knight,millskatrina@example.com,001-639-221-7658x334,LIC631227806,UK,Maine,Crystalmouth,INACTIVE,2014-12-02,2017-04-12 16:07:23
534c9f92-eb24-4029-a936-00b04f636084,AGT1827667,Daryl,Thompson,gonzaleztroy@example.com,467.610.2751x677,LIC8386542891,IN,Michigan,Robertshire,ACTIVE,2023-02-25,2025-08-19 15:03:49
6e8a5074-0930-43bb-aa36-000ce1c7cd8d,AGT76466204,Anthony,Schneider,dunndaniel@example.org,9164564749,LIC20655405,UK,Oregon,South Veronicaberg,ACTIVE,2012-11-11,2013-08-16 01:34:11
756ba5bc-b166-43b0-b6f7-bbb7821c72b6,AGT70325424,Cassandra,Hanson,hrollins@example.net,+1-482-851-8529,LIC93844583,US,Nebraska,South Robinstad,ACTIVE,2017-02-14,2019-06-21 23:09:27
47c33c78-2116-4a2c-b902-c446f383997e,AGT5970731,James,Roach,rogersjonathan@example.net,530-826-5711x278,LIC574418221,UK,Ohio,Craigstad,ACTIVE,2024-12-25,2025-12-09 13:49:19
d7335369-dccd-48ad-8a06-626cddb1e93d,AGT5189974,Rebecca,Watkins,joshua87@example.org,+1-793-889-4665,LIC8837174164,US,Wyoming,Ericshire,ACTIVE,2014-09-17,2023-05-20 19:53:22
1844a46d-1cff-4703-be41-edeb0da45bd3,AGT93439992,Richard,Blake,alvarezlori@example.net,001-624-787-1411x73130,LIC76915733,US,West Virginia,North Patrick,ACTIVE,2013-09-18,2015-11-10 17:31:39
eaa7abcb-49ec-49bb-8a74-b3f17fe77b77,AGT799662894,Jeffrey,Marquez,willisnicholas@example.net,(281)596-3217x01157,LIC1292281038,IN,New Hampshire,Port Anthonymouth,ACTIVE,2010-04-27,2020-11-21 06:29:42
13aa33fb-ddd8-499d-b8d3-baa7b952d270,AGT6014110,Michael,Waller,trujillogary@example.com,390.464.3393,LIC119610591,US,South Carolina,Lake Nicholasland,INACTIVE,2023-06-27,2025-01-27 20:19:09
f576cf63-0cc2-49aa-b0a0-87488e656afe,AGT23071157,Shane,Ford,robertwright@example.org,(593)931-0356,LIC9632748992,UK,Illinois,Lake Andreatown,ACTIVE,2025-10-01,2026-01-10 10:30:27
9c1bf4d0-8474-4f75-98d2-22fe34a63b09,AGT15071382,Krista,Finley,wilsonbarry@example.com,349-973-9022,LIC6123874578,IN,Alaska,Angelbury,ACTIVE,2017-03-19,2024-12-26 00:48:52
e62662d2-0adf-4020-aea3-356180c76d3c,AGT46187219,Michael,Soto,collinsashley@example.net,756-608-5930x52229,LIC4530527723,UK,Alabama,Gonzalesville,INACTIVE,2014-02-04,2025-04-16 03:47:52
e37655bd-050c-4ad4-8cc7-27c22fbabb2a,AGT3191996,Donna,Rodriguez,mackenziemayer@example.net,(488)432-5241,LIC6410710065,US,Alabama,Robinsonport,ACTIVE,2026-02-23,2026-03-12 11:23:39
3c11493d-e732-4bc1-98ae-eaa4ea5aef97,AGT4552359,Ariel,Aguirre,romeroalicia@example.net,481.275.0791x991,LIC2965074330,US,Kentucky,East Michelle,ACTIVE,2012-01-08,2025-06-10 06:08:49
e7deea16-ee80-4317-9401-4a3120f00d1c,AGT589922680,Tyler,Leon,flee@example.org,+1-952-879-5823x639,LIC509991205,UK,Maine,Garrettshire,ACTIVE,2021-10-26,2023-01-15 13:10:19
a3314e23-4d7e-4fa7-8092-d0c86f63b23b,AGT817136972,James,Malone,deborahburke@example.com,+1-394-841-9426x55679,LIC2665383518,IN,Connecticut,Rickyshire,INACTIVE,2015-05-28,2021-05-09 11:46:32
ea238e25-17f9-41e8-b32b-6fc7fd18bca6,AGT946754177,Sharon,Carson,jillianbartlett@example.org,(485)233-8591x937,LIC3980103002,UK,New Hampshire,Danielstad,ACTIVE,2025-01-14,2025-05-30 15:03:39
ee59d587-8a89-4352-a4f9-71bd310b13c7,AGT651902141,Donald,Small,gutierrezjay@example.com,(332)523-8103x0132,LIC106828238,US,Pennsylvania,Wisechester,ACTIVE,2023-07-27,2024-05-16 10:44:34
69942fa5-27a8-4197-b9f8-5f3fe908ca7b,AGT5000448,Louis,Mclaughlin,montesanthony@example.org,272.819.0372x93469,LIC1678476978,UK,South Dakota,East Edwardfurt,INACTIVE,2017-08-14,2023-03-11 01:05:06
0f545104-30e3-4313-96a4-53142ad57a7f,AGT53418881,Grant,Barton,mark20@example.org,605-256-8152x80063,LIC317927964,US,Maine,Orrhaven,ACTIVE,2015-12-16,2016-05-14 01:27:00
badc01f0-1c37-4beb-9d02-12420651fd37,AGT54645057,Tiffany,Anderson,dianegonzales@example.org,826-905-6026x14836,LIC89399828,US,Maine,North Alicia,INACTIVE,2019-07-26,2020-03-25 01:02:05
1c618d89-217d-4d6b-bd79-240eded4e74e,AGT4285987,Sierra,Diaz,alexandra28@example.net,611.557.1936x63917,LIC5834789088,UK,Vermont,Brownburgh,ACTIVE,2023-03-08,2024-12-03 07:24:08
103c4d74-0218-4bab-b23f-1484355c6c95,AGT8626700,Sean,Perez,joserandall@example.net,001-903-653-3654x6852,LIC45075333,IN,Wisconsin,Thomasmouth,ACTIVE,2022-12-10,2026-01-18 11:18:45
477cac93-e01a-4906-b514-0f1e17ecdb3f,AGT8953566,Richard,Christensen,aglover@example.com,945.253.3466x09415,LIC9605766136,US,Arizona,New Patricia,ACTIVE,2020-03-06,2020-08-15 06:52:01
f4528cc0-c06f-4e98-883e-74b0c7604277,AGT9367252,Jane,Smith,warren30@example.com,+1-775-858-6319,LIC642350877,IN,Illinois,New Paul,ACTIVE,2020-11-07,2024-01-30 21:47:59
f3a6a883-ece8-4c3c-a68a-8e406533dbed,AGT1081598,Eric,Norton,qbaxter@example.org,001-397-984-9556,LIC3519904656,UK,Kentucky,South Jacqueline,ACTIVE,2014-02-28,2025-06-03 11:52:43
7f2ce739-6942-40cb-bc05-bc979d896767,AGT622167569,Austin,Romero,katrinakennedy@example.com,+1-804-420-4723x11937,LIC13280029,US,Tennessee,North Andrew,ACTIVE,2017-09-25,2025-01-30 18:29:32
be1076a9-f87e-4821-81a0-b303a15f2b68,AGT34626945,Jesse,Hudson,millerzachary@example.net,560-411-1157x582,LIC355340090,US,Maine,Port Maria,ACTIVE,2024-02-04,2025-02-13 02:35:07
c7e6664b-0b28-4fb0-9e8b-935c853554ea,AGT88329319,Robert,Cordova,osoto@example.com,263.495.8324x013,LIC3606212624,IN,Texas,New Eric,ACTIVE,2016-11-14,2019-12-03 14:37:17
4944bf74-18eb-4048-80a5-3998ac68bf93,AGT947540348,Kristi,Moreno,terrance41@example.com,+1-794-493-9377,LIC915602854,US,Hawaii,New Anna,ACTIVE,2023-12-26,2025-01-25 14:48:54
b70707ca-057e-47a4-9b56-f91aa3d44d44,AGT981460835,Peter,Moore,ymunoz@example.org,799.802.5031,LIC4867225016,US,Massachusetts,Hensleyport,ACTIVE,2019-11-09,2024-09-23 20:30:10
f8288606-bab9-4faf-b314-7ab9b837e798,AGT987695905,Susan,Nichols,crossjanice@example.com,(426)566-2584x524,LIC97308387,IN,California,Jacksonshire,ACTIVE,2021-07-02,2024-07-01 22:38:04
8035aaad-34c3-4d53-ab43-bc4e79a1d828,AGT6404618,Lori,Sanchez,herbert82@example.net,995-823-1350x144,LIC1788810575,IN,Alaska,Josephburgh,ACTIVE,2015-07-17,2021-12-22 09:15:49
454af90b-c95c-47e2-b6a9-15d78353a911,AGT98615416,Joshua,Cline,achavez@example.net,266-370-3888x10632,LIC932942054,IN,Illinois,Nancyburgh,ACTIVE,2018-02-20,2021-04-30 11:37:09
64b6ea38-c041-4920-a820-7027c674eba9,AGT13436278,Manuel,Garza,brianwright@example.org,6785576390,LIC162593513,US,Minnesota,Julieborough,ACTIVE,2021-06-07,2023-03-04 17:44:29
6e472ed2-9b77-4263-8a1d-c4d94107b682,AGT174155299,Lisa,Mendoza,garzatony@example.org,+1-708-442-8782,LIC902805831,US,Utah,Robertmouth,ACTIVE,2010-04-01,2010-11-27 23:36:53
917b2714-37fc-4537-96ff-336b181c300e,AGT91010224,Valerie,Wade,brandonhart@example.com,001-962-851-4868x4986,LIC44203917,UK,Kansas,Powellstad,ACTIVE,2020-11-02,2022-02-16 18:29:04
2059ece7-4499-4803-b61b-01dc694cb78d,AGT694515746,Sarah,Cox,tina15@example.net,891-337-8311x4631,LIC66754612,US,Florida,East Jessica,ACTIVE,2013-11-03,2021-08-29 15:44:35
696ed97b-0076-42b2-9854-f3510a08867d,AGT19069044,Todd,Kelley,joshuaparrish@example.com,(600)478-1684x321,LIC475643741,IN,West Virginia,Port Timothy,ACTIVE,2011-10-12,2013-06-16 02:20:02
2fe28182-e481-4de2-bde3-cde2d2b0d284,AGT637655418,Michele,Willis,lyonsrobin@example.com,001-232-454-2730x27232,LIC16515693,UK,Florida,Blanchardtown,ACTIVE,2016-04-20,2025-09-19 12:40:47
d373de53-7ed3-4fb8-be8a-596c86693ba6,AGT955279391,Courtney,Gutierrez,edwardsdana@example.com,001-932-801-3743,LIC25467223,UK,Oregon,West Timothy,ACTIVE,2025-12-28,2026-02-18 01:49:56
3acd2f83-e3db-49cb-b6c9-14fa2e952881,AGT28462599,Jason,Hale,jessicastephenson@example.net,512-897-1922x7259,LIC710045786,UK,New Jersey,New Jamieland,ACTIVE,2014-12-13,2024-11-09 02:35:51
f249fe75-aefd-49c9-a419-bb68076e900b,AGT5387368,Danny,Rodriguez,chris06@example.com,001-656-548-9361x04245,LIC51247267,UK,Minnesota,North Johnborough,ACTIVE,2022-09-30,2024-06-01 14:11:45
eba24b68-55a6-4d0a-9b25-c4df9182698a,AGT99790202,Kathleen,Murphy,mcdanielandrew@example.org,(897)249-3984,LIC7677386764,UK,North Carolina,West Sarah,INACTIVE,2022-04-17,2026-01-03 09:39:13
445d9d59-7d03-4f58-b0e5-2f0c7963e2c8,AGT4886224,Richard,Walsh,mitchellholmes@example.com,738-664-6554x98733,LIC72294964,US,Hawaii,New Benjamin,INACTIVE,2021-09-27,2024-05-14 09:48:46
5c05909e-994c-49d3-acb5-b174cf4dc45d,AGT55953301,Courtney,Romero,stevenfriedman@example.com,3159880042,LIC216799619,IN,South Dakota,Princemouth,ACTIVE,2016-10-27,2022-07-24 11:14:51
2d1d55f7-9ccd-4a4e-91b3-b6d3b9ad5d12,AGT51804678,Joshua,Lee,lwright@example.com,001-972-796-5274x372,LIC680092835,US,Georgia,West Victorfort,ACTIVE,2019-07-18,2025-03-21 14:19:06
e0af4ee3-101a-4d52-a2fd-6199653ed8ee,AGT620504342,Michelle,Collins,nicolewong@example.com,+1-375-608-0000,LIC1218418534,US,Hawaii,Currymouth,ACTIVE,2017-06-21,2022-10-31 21:41:10
a64b4243-9b41-4b10-9e6f-2763cd90e4f2,AGT219859335,Charles,Mclaughlin,thomas45@example.net,661-586-7108x182,LIC1033683444,US,Ohio,West Toddfort,ACTIVE,2020-03-25,2023-12-30 01:44:45
057153f8-f0ef-4375-924b-4467d7a55061,AGT904001556,Terri,Pena,atkinsnicole@example.org,736-883-7261x04619,LIC1806916089,US,Oregon,Gonzalezchester,ACTIVE,2016-10-20,2021-09-03 01:58:32
2632aed5-835d-4ee5-84ee-56fa5de2f746,AGT7638876,Christopher,Prince,pthompson@example.net,(790)837-3759x715,LIC8634476350,IN,Kansas,New Stephanie,ACTIVE,2010-01-15,2010-12-05 07:12:19
434766e9-bccb-4b49-a8a1-2fac319953e3,AGT901537681,Melinda,Allen,uwilson@example.net,+1-980-342-1269x125,LIC35610517,US,Alaska,Robertsmouth,ACTIVE,2020-12-16,2021-02-21 20:43:27
89b083eb-6e01-46da-bf55-1b2364dcf6fb,AGT8907919,Daniel,Evans,misty31@example.org,2839202138,LIC647874232,IN,Ohio,Karenport,ACTIVE,2015-02-08,2016-07-11 19:42:55
fcbb31c4-6026-47c8-ac09-cca399790b2b,AGT547748241,Chase,Kelly,jennifer74@example.com,(264)999-3550x51282,LIC10268256,US,Kentucky,East Kimberlyside,ACTIVE,2024-07-28,2025-08-17 03:25:16
f85debc5-1842-44d3-9e7c-57e490ca81f0,AGT9738528,Michelle,Moore,amber45@example.org,+1-740-870-6652x16266,LIC9292737777,IN,Louisiana,Kaitlynside,ACTIVE,2012-08-07,2013-01-27 07:44:02
d02c5634-c710-4bcb-97bd-0a395b6443e9,AGT463186514,Deanna,Simon,ljohnson@example.net,001-204-362-8112,LIC94360619,UK,Indiana,Gilbertbury,INACTIVE,2021-02-20,2024-02-09 19:42:38
1540d03f-5ad5-46c6-80f2-05721b3086f4,AGT88374071,Kyle,Caldwell,ehamilton@example.com,001-593-509-1256x407,LIC9952494916,UK,Texas,Manuelfort,ACTIVE,2022-05-18,2023-04-02 02:05:50
c3d4c383-c42c-4999-862b-9510971d7fbf,AGT350624846,Kimberly,Lamb,jill50@example.org,001-878-240-9669,LIC74989185,UK,Arkansas,Lake Ashley,ACTIVE,2022-10-30,2024-09-16 22:45:52
b4b3af7a-4eae-4712-ae13-4a05cebced48,AGT341561800,Melissa,Smith,zachary03@example.com,(310)872-1769x93313,LIC9335676543,US,North Dakota,Thomashaven,ACTIVE,2010-12-25,2018-05-03 05:08:21
2bbcd683-efea-49e0-bc2a-694f4b81c010,AGT169700730,Rebecca,Jenkins,ravila@example.net,+1-256-593-8594x5927,LIC67851107,UK,Iowa,Vanessastad,ACTIVE,2014-10-13,2021-06-23 05:14:51
82e9486e-75e0-40ee-8a12-09bfc79153ec,AGT4319246,Philip,Wright,sheilastevens@example.com,679-698-1725x3721,LIC828078341,US,California,West Kristinatown,ACTIVE,2021-12-25,2022-06-02 00:26:00
5c3c1b2b-b212-4607-8f31-d7db6ee5c00e,AGT384580336,Charles,Brown,donald74@example.com,934-332-9509x89712,LIC505694640,UK,Nebraska,Port George,ACTIVE,2014-11-25,2019-08-16 13:59:24
f978f208-c4e4-42ed-9734-c8db0e3560b3,AGT2896380,Jennifer,Dawson,cynthiachambers@example.com,889-849-7028x99721,LIC33636665,US,Florida,North Raymond,ACTIVE,2019-01-04,2021-09-21 07:53:30
611d7824-be91-4a38-8d32-66a04339cf95,AGT11433833,Kristen,Burton,smithricardo@example.net,001-678-223-0420x89686,LIC32561778,UK,Georgia,New Jamesfurt,ACTIVE,2023-12-21,2024-07-15 17:50:33
4e6a652d-a1c1-4355-801c-c1e5bc4b2418,AGT67412872,Rebecca,Young,xbrown@example.net,+1-822-991-0549,LIC60258360,UK,Arkansas,Toddside,ACTIVE,2021-06-04,2024-09-24 12:10:14
cfdaa0d8-6b8f-4844-b88e-43399c764b99,AGT295009417,Maria,Payne,fjordan@example.org,201.436.9443x89836,LIC84924531,IN,New Mexico,Conleyville,ACTIVE,2014-10-26,2016-09-11 23:31:39
55e8e741-cce1-48a0-ba07-67a83db4f73f,AGT245337697,Gary,Farrell,pcampbell@example.com,201.499.7795,LIC86056076,IN,Montana,Shannonburgh,ACTIVE,2025-04-06,2025-10-08 16:50:30
07edb374-c645-4636-b3f7-f05055ef0378,AGT2094931,William,Webster,bmurphy@example.org,001-529-776-5474x354,LIC48230209,US,Florida,Port Mary,ACTIVE,2017-10-02,2024-12-13 18:58:38
ee1ae107-919b-4a09-b74f-a075c46b4728,AGT2356583,Karen,Meyer,shelly21@example.net,947.332.2707,LIC23340310,UK,Delaware,Port Kristinaborough,ACTIVE,2019-10-29,2022-08-11 05:48:08
5df9e2c3-d5b4-4332-9a8c-0fadfa543f11,AGT821251724,Erica,Reeves,yjenkins@example.org,738-274-1307x05649,LIC2585713529,IN,Maryland,South Johnnyville,ACTIVE,2012-12-25,2018-07-01 07:05:11
5f49363f-4050-4842-9a60-e09e4fedde06,AGT216564901,Joseph,Franklin,paullee@example.com,(562)288-2982,LIC91340132,US,Oregon,Anthonyville,INACTIVE,2010-11-16,2023-02-13 09:38:32
c89278f0-1774-4357-90a7-b2346ba86ddd,AGT48025670,Timothy,Salazar,carlossnyder@example.com,4942068653,LIC110832964,IN,Alaska,Austinburgh,ACTIVE,2013-07-24,2018-12-28 22:13:17
4fe7f24b-1d9b-42ea-9e55-294584da6098,AGT37811704,Glenn,Schultz,ucarson@example.net,(811)226-5875x4818,LIC1928334889,IN,Delaware,Patrickfort,ACTIVE,2026-01-01,2026-01-25 19:12:26
de3d5867-f32a-4b74-888e-c4ee28d67b92,AGT794880355,Yvonne,Russell,jesse95@example.org,+1-870-597-2379x92915,LIC91029584,US,New York,East Staceychester,ACTIVE,2023-04-20,2025-10-28 19:50:35
047304d7-173c-40c9-8275-2d56b0ca8715,AGT97270274,Matthew,Garcia,katherine87@example.net,3752296772,LIC6459351583,IN,Texas,West Jessicafort,ACTIVE,2011-11-27,2013-12-20 05:39:30
e7d55ec1-f84e-48ff-b585-901dcb2a457b,AGT38460982,Christopher,Thompson,wanderson@example.org,001-704-207-6325x2008,LIC698643560,UK,New Hampshire,Andreaview,ACTIVE,2023-04-28,2025-10-07 11:22:24
ed5b759e-a4bc-43a7-b52a-6f188a7489bb,AGT255382902,Gregory,French,christopher53@example.org,001-652-912-7357x31181,LIC80863746,UK,Wisconsin,West Virginiaburgh,ACTIVE,2012-03-13,2015-04-20 18:25:52
dc70640c-070f-4717-ab1c-25f726df8b27,AGT53403845,Troy,Smith,hadams@example.org,491.569.0524x586,LIC293436131,US,New Hampshire,North Matthewfurt,ACTIVE,2023-12-10,2025-12-25 20:02:42
1b42f112-d8c6-49ce-b873-aee88f3e2c21,AGT849402754,William,Richards,chandlersean@example.org,695-546-0244x887,LIC3513509451,IN,North Dakota,Brandymouth,ACTIVE,2015-05-30,2022-05-05 19:02:05
a32e822c-c92e-4818-8a71-7ff83d60038f,AGT359313104,Ann,Garcia,xpruitt@example.org,6886934321,LIC8082946924,UK,North Carolina,New Meagan,ACTIVE,2016-06-08,2024-04-21 07:18:41
43a89c8c-af24-40ed-83d0-33dd9d9c652e,AGT22225551,Janet,Pruitt,heatherstone@example.net,+1-832-322-9534x276,LIC9728246974,IN,South Dakota,North Randall,ACTIVE,2024-03-23,2025-03-27 14:06:28
7ad86e7a-e7f7-47e7-ad83-34f1a813a4e0,AGT661228655,Diane,Stone,abigailcox@example.net,(968)750-0319,LIC62189581,US,Tennessee,Lake Benjaminborough,ACTIVE,2024-06-23,2024-08-02 19:23:10
64b7b20b-c923-4ee3-880e-9ff9714480ab,AGT1593189,Steven,Hill,vstevens@example.net,(501)813-1161,LIC8985620568,US,Kentucky,Lake Christine,ACTIVE,2010-08-09,2026-02-02 14:10:22
ca199cc5-c1d3-468c-80c5-7751635f1830,AGT9187832,Maria,Carson,brenda96@example.com,262.380.6243,LIC8119813612,IN,Kansas,Lake Samantha,ACTIVE,2023-05-14,2024-05-28 16:11:05
f8ea51c5-915a-4b64-a4bd-2dc5ecd6a2d7,AGT5056685,Cheryl,Frazier,dustinwest@example.org,717.637.7506,LIC2021333998,IN,Louisiana,Port Jodiborough,ACTIVE,2018-11-17,2022-05-31 01:51:19
69b1ba1c-0b0b-409f-a354-efcfda4fd1e2,AGT18486093,Samantha,Koch,kaylahendricks@example.org,493.689.3828x25178,LIC21425687,UK,Nebraska,West Lisaside,ACTIVE,2015-09-25,2016-12-22 19:57:28
f4735479-7db2-4899-844a-df614c8debcf,AGT93021823,Elaine,Cortez,matthewgray@example.net,332-672-8410x21764,LIC4685509935,IN,Missouri,Lake Brandon,ACTIVE,2010-09-28,2016-02-20 22:45:12
13426fc5-247d-4831-90b1-a2d71e7f2b61,AGT261993829,Felicia,Humphrey,seanmedina@example.com,001-319-638-4968x32924,LIC8008590442,UK,Missouri,Richardfort,ACTIVE,2013-01-06,2017-08-18 07:14:22
750ae532-2e92-463f-910e-c5fe5a068b06,AGT577621722,Teresa,Chase,laura60@example.net,809.997.1473,LIC6700973519,US,Kentucky,New Robertborough,ACTIVE,2011-03-17,2023-03-27 20:03:38
339ff700-ff04-4058-ac52-7b9412f2f2be,AGT682234267,Johnny,Martin,rshaw@example.org,001-515-328-8339x306,LIC928985073,UK,Florida,Lake Lawrencebury,ACTIVE,2017-05-01,2022-01-03 06:08:41
8a3017fb-b53d-4eb3-b688-83ce3ce61073,AGT33581940,Lynn,Robles,zanderson@example.net,001-909-337-4337x2764,LIC381688060,UK,Maine,Thomasfurt,ACTIVE,2015-09-04,2024-09-05 22:31:59
1570ec8c-1853-4613-9cdb-5730e09c41e5,AGT2258816,Kathryn,Villa,olsensara@example.org,+1-683-292-8418,LIC7135952925,US,Idaho,Reidside,ACTIVE,2011-10-20,2024-05-08 21:28:56
178fc6ac-b646-4d87-a19a-fe07e7b5c7b5,AGT485393436,Jennifer,Richardson,vallen@example.org,(528)578-9731x155,LIC91368336,US,Hawaii,West Brianaport,ACTIVE,2016-10-24,2016-10-30 10:56:06
28bc4da8-04fd-49bf-82ec-b8ad2efde22f,AGT5215114,Melissa,Brown,lancehuff@example.org,407.227.7897,LIC221134394,UK,New York,Jeffmouth,ACTIVE,2011-08-04,2016-04-02 14:06:09
95a248a6-13f8-4063-acd0-155fbc2b6e5c,AGT15120604,Jacob,Strong,roy54@example.net,338-597-0796x01639,LIC90134280,US,Missouri,Michaelfort,ACTIVE,2024-06-15,2025-11-06 10:55:32
c3058241-592c-452e-9df9-8862f4b94399,AGT604615004,Lori,Bailey,brian41@example.org,613.970.2839x47382,LIC96387183,US,Minnesota,Nicholashaven,ACTIVE,2010-02-04,2012-01-16 06:31:54
d6cafcd0-acc7-41eb-9845-f5ce2951bb8b,AGT473241048,Denise,Haas,evanmejia@example.com,826-206-6345x4913,LIC7321731929,US,Washington,North Jasonshire,ACTIVE,2018-07-05,2021-06-26 06:42:33
0afec474-148a-4548-bb91-c7bed759080e,AGT555705964,Lauren,Hernandez,jermaine32@example.org,(304)218-3417x5004,LIC15244254,IN,Alaska,East Richardmouth,INACTIVE,2024-06-26,2024-09-09 11:45:34
b53d0e99-f71d-41f0-9b0d-601eae8b635f,AGT77734267,April,Hebert,justinbautista@example.org,+1-525-240-0761x978,LIC3199740272,US,Connecticut,North Ashleytown,INACTIVE,2021-09-01,2021-10-22 19:16:57
69640349-d0b7-4c83-9839-029e95de2297,AGT56299862,Angela,Mitchell,dixonrichard@example.org,809-954-1867,LIC1322470223,US,Iowa,Port Crystal,ACTIVE,2012-03-08,2017-05-02 10:37:48
c6d52621-1867-4604-911c-37558cd09e92,AGT638627218,Steven,Koch,michelle36@example.net,964.275.1691x944,LIC652101064,IN,Indiana,North Walter,ACTIVE,2015-03-13,2016-11-15 14:47:43
48598aae-2c4d-4a41-8cc3-c43afc6ea113,AGT6921837,Linda,Washington,mirandakelly@example.com,260.201.6827x621,LIC962488988,US,Maryland,Port Judybury,INACTIVE,2016-08-06,2017-04-20 06:07:47
28a36c04-93c7-4d5c-aa81-4b382f686ada,AGT694671545,Carl,Zavala,fergusonjudy@example.com,486-901-6432x49992,LIC807662080,IN,Colorado,Maddoxtown,ACTIVE,2012-08-19,2025-09-21 13:41:49
52d53ea1-5a59-4095-bffb-44bf06f59696,AGT6606350,John,Perez,ronald42@example.com,829.294.7984,LIC75894496,IN,Nebraska,Clarkport,ACTIVE,2013-11-23,2016-08-24 17:47:59
24acd641-313d-425f-96b4-adb328b45170,AGT475344570,Valerie,Church,kholt@example.net,617-576-6989,LIC10057187,US,Connecticut,New Jeff,ACTIVE,2014-06-06,2017-01-06 13:23:34
9dc5fe96-0dff-477d-a8db-072327dbcaf6,AGT7605615,Brett,Carter,olee@example.com,809.569.8036x099,LIC19546786,IN,New Mexico,Edwardmouth,ACTIVE,2023-06-28,2024-10-21 05:36:14
b0ee1054-267a-42e3-b71c-d3f62724b265,AGT502098519,Anita,Martinez,deborahfletcher@example.com,953.896.0827x565,LIC947161607,UK,Oregon,Bradleyside,INACTIVE,2025-05-01,2026-02-06 09:46:20
5a57b22a-0c76-4f64-89c9-b33f9434ae83,AGT90134647,Sandra,Smith,rachelalvarez@example.org,435-442-5925,LIC89140610,IN,Nevada,North Daniel,ACTIVE,2018-05-04,2022-02-21 20:57:13
eee8bebe-76c7-41bb-906a-3a3fe3eaa6a0,AGT79200589,Lori,Sharp,anthony49@example.com,+1-536-900-3828x002,LIC42851925,US,Nebraska,Donshire,ACTIVE,2021-11-13,2022-02-21 11:25:25
7e623384-d000-42f0-9573-48fdc5fe8dfd,AGT7668859,Deborah,Andersen,ronald51@example.org,001-460-824-7145x34399,LIC6212768098,IN,Hawaii,Millerview,ACTIVE,2013-05-02,2023-09-22 12:07:11
1d72a392-c240-4c48-bd62-2f55e15b72fc,AGT4284841,Tami,Lopez,timothymoore@example.org,+1-762-777-0076x6912,LIC32422915,IN,New Jersey,Danielfort,ACTIVE,2023-09-03,2025-02-02 10:43:15
a3fe4d7b-200e-416d-8a6b-6894024d9290,AGT2851344,Wesley,Roberts,kristyhanson@example.org,+1-391-669-0223x07910,LIC183667516,IN,Michigan,Jamesstad,ACTIVE,2019-05-17,2021-12-22 23:25:58
be0be334-ea72-4225-96e7-7566091e679b,AGT7211056,George,Campos,teresa91@example.com,(460)846-1907x478,LIC9126151002,IN,Rhode Island,East Heidiside,ACTIVE,2021-09-28,2021-11-24 02:41:44
95cc162c-301d-48c3-816d-53f9ecebf2aa,AGT103167624,Philip,Turner,yflynn@example.com,001-305-483-4937x1621,LIC29528592,US,Massachusetts,East Kennethborough,ACTIVE,2016-09-06,2017-02-14 16:50:30
37a2d7d3-703b-4bcd-9969-90b75fe9d731,AGT13677917,Brittany,Adkins,zmurphy@example.org,(610)898-4157,LIC7502950891,IN,Colorado,Lake Katherineberg,ACTIVE,2013-04-04,2022-12-05 19:28:50
1596b1c5-c510-45e7-9d8a-c7c4fe21e871,AGT36232952,Stephanie,Cobb,scottamy@example.net,918-405-7120x786,LIC389399908,US,North Dakota,Lucasport,ACTIVE,2019-11-08,2024-05-05 18:02:14
69d708da-0d0e-4a9e-912b-7c0be8b31074,AGT55177124,Brittany,Howard,mary73@example.org,(227)759-0557,LIC24492524,UK,Georgia,Hendersontown,ACTIVE,2013-02-06,2016-08-11 04:08:01
cabf5f7e-f161-4550-b991-9b2743be0f12,AGT43357130,Natalie,Pierce,frankbrooke@example.net,886.482.2338x818,LIC992680370,US,Tennessee,New Rebeccachester,ACTIVE,2016-06-02,2020-07-18 00:05:23
ee4437d7-fb45-4d36-a393-6cbcbe0dafae,AGT50189915,Mary,Gentry,danielandrea@example.com,001-625-373-5192x0705,LIC7575232004,IN,Illinois,Brianport,ACTIVE,2022-05-24,2024-01-12 13:35:24
0b4c41c9-f6ab-49c1-a047-20e01dda69fd,AGT39970046,Lisa,Martinez,ebuchanan@example.com,(575)373-6652x044,LIC3908310997,IN,New Mexico,Rodriguezview,ACTIVE,2022-12-27,2024-07-06 17:52:57
aef1549e-2007-4c67-b6cf-16faee43133d,AGT22998484,Kyle,Salinas,grahampeter@example.org,6584099944,LIC7887502609,UK,Oklahoma,Timothyview,INACTIVE,2015-12-02,2020-01-10 01:38:24
a9bcd471-6112-4dc7-a5ff-135b00b303f6,AGT82489820,Felicia,Cochran,hopkinsronald@example.net,875-346-8994,LIC225914766,US,Alabama,South Ralphmouth,INACTIVE,2023-11-14,2024-08-01 20:51:32
2b1c990b-a9e3-4571-b708-3b0db4aad71d,AGT1030181,Lauren,Stevenson,uharrison@example.org,+1-799-547-3374,LIC2950177386,IN,Alaska,Mcgeefort,ACTIVE,2015-05-01,2023-08-29 21:27:57
aa3be61e-3cdb-430d-bc35-0edf5e56114b,AGT531090660,Margaret,Singh,hernandezmaria@example.com,594-498-7359,LIC3714868430,IN,Georgia,Williammouth,ACTIVE,2018-12-02,2021-01-22 06:10:11
dba906fa-0c3c-4e56-ae02-b3485615b609,AGT8292453,Jason,Mata,robin08@example.org,(745)365-1316x0520,LIC58367811,UK,Hawaii,New Brenda,ACTIVE,2022-03-12,2024-08-16 16:33:18
7d67486b-00e6-4796-bf07-1bfd99c6549b,AGT4003852,Emily,Moody,jasonlane@example.com,001-946-922-0237x24970,LIC5387352969,IN,Arkansas,Stephensside,ACTIVE,2019-09-12,2024-05-19 08:20:15
34298035-4d00-4a44-8e10-e501a32d36bf,AGT12045898,Alan,Jones,jasonhenson@example.org,484.706.8069x331,LIC619784798,US,Utah,New Amandaport,ACTIVE,2020-06-04,2023-11-21 04:23:32
cf582994-0901-49ec-8335-a9f5762dc1ee,AGT2250036,Debra,Ibarra,qlandry@example.org,333-349-9750,LIC311818741,US,Texas,East Matthew,ACTIVE,2025-08-20,2026-02-24 12:53:14
50719754-f785-40d9-b0fe-a955cc220d78,AGT101526279,Katherine,Anderson,zachary00@example.net,2264391040,LIC4045765052,US,Hawaii,West Isaacberg,INACTIVE,2011-02-24,2024-05-14 21:15:26
40984d82-db70-4598-8fb7-20be8033a50f,AGT13478242,Patrick,Jones,ihendrix@example.net,(341)856-4706x24696,LIC47174205,UK,Florida,West Dwayne,ACTIVE,2018-10-12,2023-12-02 22:58:11
0c1231d1-014b-40c3-b5d1-80c22f6ce21c,AGT549670564,Lisa,Watts,ryanmcgrath@example.com,+1-915-248-6827x192,LIC4779473585,US,Tennessee,Port Anthonyhaven,ACTIVE,2012-08-19,2026-02-24 17:58:43
4cf39a11-fb38-4fdd-991a-e3520fc502a4,AGT117808140,Jay,Flores,sholmes@example.net,444.944.1369,LIC6088463067,UK,Maine,East Jacobshire,ACTIVE,2013-10-20,2017-05-23 12:04:50
03459124-872c-4f27-a39d-aa952eb65e0d,AGT860756068,Jamie,Mathews,vbryant@example.com,574-201-3642,LIC99102377,UK,Missouri,Port Adammouth,INACTIVE,2019-03-28,2021-02-16 05:48:37
2a0428d8-aa1b-4b06-985b-a9e57c472337,AGT2872716,Mary,Burton,albertsolis@example.org,001-932-787-2982x595,LIC7683470864,UK,Georgia,Anthonyland,INACTIVE,2013-10-15,2024-02-18 02:07:31
b63083f3-beb0-4e52-b061-a420cff615f3,AGT46012667,Stacey,Lucas,nicholsonmatthew@example.com,(318)558-7621x1028,LIC9117484105,UK,Wisconsin,Nguyenside,ACTIVE,2011-06-02,2012-05-09 20:22:26
63641577-2276-43b4-8316-b689a6dad4fb,AGT558718833,Jennifer,Campbell,hortiz@example.com,(361)330-4019,LIC34530569,US,Delaware,Lake Marissa,ACTIVE,2010-01-23,2019-07-23 09:18:38
5abc8a0f-b3f5-4a86-babf-8df0f33fa783,AGT57160472,Kevin,Figueroa,brittneywalton@example.com,404-604-2763,LIC96189767,US,New Hampshire,Lisaport,ACTIVE,2023-06-13,2026-01-18 14:54:54
01cc2a53-80f7-436b-9889-dfda180d1390,AGT8291155,Gregory,Gray,jenkinschristy@example.com,+1-511-978-8106x1892,LIC517323395,US,New York,Denniston,ACTIVE,2021-10-26,2021-11-12 14:31:43
7760fc02-ee8b-405e-8cbe-046d5df6739f,AGT15116015,William,Harris,nicholascarter@example.net,363.899.3725x7816,LIC8045067830,US,Montana,Rodriguezburgh,INACTIVE,2010-02-23,2023-02-03 10:17:32
71531324-2de2-4810-ba63-eabbc9611ecf,AGT72716905,Anthony,Lee,mbeck@example.net,714.654.4429,LIC10071582,IN,Hawaii,Stacyport,INACTIVE,2023-12-11,2025-07-01 08:27:02
d3877ffb-dd67-4af3-9146-ceac020ee0db,AGT25159642,Richard,Rodriguez,valerie56@example.org,806.695.1109,LIC1751099497,US,Louisiana,New Jessica,ACTIVE,2018-05-23,2019-05-16 04:08:31
5d127be0-cbaf-4653-a4d1-042a8689284c,AGT3448773,Brian,Aguilar,ralphtrevino@example.org,(214)270-0434x982,LIC549897867,IN,Maryland,North Nicole,INACTIVE,2014-01-12,2019-06-24 00:46:44
b43d18ab-dcbb-445f-81e6-4db115a06d1c,AGT21965197,Joanne,Morris,harrisjeremiah@example.org,(451)419-6421,LIC56528706,IN,Washington,North Marciastad,INACTIVE,2025-05-20,2026-02-13 12:29:29
c02e3379-ca15-431d-9fd5-4c98d3a52ba7,AGT775661706,Christy,Johnson,jessica54@example.com,001-644-971-0515x0237,LIC3825589905,US,Wisconsin,West Stevenburgh,ACTIVE,2023-05-04,2023-11-09 02:30:16
112497e7-2658-41a5-b67b-2fc53b866e85,AGT48384545,Chelsea,Franco,patrickjason@example.net,4437520388,LIC58393768,IN,Minnesota,Burnsstad,ACTIVE,2020-02-15,2026-03-25 06:43:17
1538afae-a829-4d6c-a8db-a1f851ec3fae,AGT7517907,Alan,Miller,smithmisty@example.org,472.396.6440,LIC346464945,UK,Virginia,New Luis,ACTIVE,2026-04-03,2026-04-06 08:54:53
2b49eb70-7b63-4dd0-b52a-3bb8c745fbde,AGT2423149,Adam,Adams,ricardo74@example.org,981.321.0970,LIC231261699,UK,Maine,Williamston,ACTIVE,2016-11-03,2019-11-01 22:26:45
e4a9a8c9-fa27-4cff-8877-ee6836c16735,AGT900067178,Patrick,Bennett,emilythomas@example.com,8025858444,LIC810725865,IN,Utah,North Gene,ACTIVE,2022-11-13,2023-02-06 23:47:55
34121ecb-7c33-4492-ab4e-c28eb020d0a0,AGT32804811,Renee,Farmer,newmanwyatt@example.com,298-485-2109x651,LIC34650826,US,Nebraska,Port Terri,ACTIVE,2019-07-28,2021-10-01 15:58:38
98e29823-082b-494d-8141-6f352ed4d2c9,AGT834362146,Juan,Sanders,pmercer@example.org,(511)931-8578x99004,LIC85434784,US,Idaho,Arielborough,ACTIVE,2021-01-21,2025-01-12 09:12:36
05945155-8605-4135-8ef2-7b34f0a8981e,AGT552334564,Sarah,Maddox,denise65@example.com,367.706.4143,LIC385877362,US,Pennsylvania,Novakside,ACTIVE,2010-07-09,2011-01-07 10:56:18
e6d30968-888e-4746-a984-3519879d6f77,AGT432655930,John,Keller,brianlang@example.com,937-848-3310,LIC76545400,US,Washington,New James,ACTIVE,2018-02-16,2025-03-31 18:19:53
6153b0be-dff8-4a0c-a59f-fbe50a621190,AGT70789884,Patricia,Figueroa,chaveztaylor@example.com,001-291-951-5334x8789,LIC42773567,UK,Arkansas,South Gregory,ACTIVE,2017-10-28,2021-07-14 11:06:14
c132d7f4-8219-48c6-9a20-d12468808b89,AGT246131300,Laura,Graves,thomasnewton@example.com,698.487.1915,LIC1260467114,UK,New Jersey,Port Jacobshire,ACTIVE,2023-04-24,2025-11-12 17:47:05
45dcb6a9-1b8d-41cd-83dd-59ae6b33ff5e,AGT700000198,Cory,Garcia,fgonzales@example.org,392-858-7335x649,LIC401887533,IN,South Dakota,East Brucefort,ACTIVE,2017-09-04,2020-04-27 12:15:59
084b1c55-6f30-44e2-887c-e7556c6fa89d,AGT44315063,Nicole,Ayers,laura05@example.org,446.833.1524,LIC5625074104,IN,Delaware,South Michaelbury,ACTIVE,2017-01-06,2022-03-22 00:53:03
a739082b-159e-41e3-8405-ac3172600307,AGT89574023,Dwayne,Thompson,torreskarina@example.org,345-488-0134x013,LIC255572661,US,West Virginia,Juareztown,ACTIVE,2021-09-15,2025-12-22 12:48:16
ead62b59-8a9b-47cc-9cd4-dec54c8cc76e,AGT5041557,Leonard,Daniels,mitchelljoseph@example.org,483-793-3492x48086,LIC4120420464,IN,Oklahoma,North Richardport,ACTIVE,2021-05-22,2023-07-22 07:05:11
aed42b89-0967-466c-8cd4-3ba9338a3222,AGT39118965,Tony,Moody,mcneilpaul@example.net,981.763.3112x0835,LIC784679733,IN,Michigan,Port Gregory,ACTIVE,2024-07-30,2024-11-28 10:23:55
5157d9a0-e75a-4974-a13c-5002946637f7,AGT77582631,Maria,Carter,brandon46@example.org,(479)556-8796,LIC4018181448,US,Arkansas,South Samanthaland,ACTIVE,2022-07-04,2025-09-01 22:32:44
1c406340-c2cf-447c-8f4a-03622a1dc42c,AGT7508722,Christian,Pham,maria57@example.net,628.741.6782,LIC296977211,IN,Illinois,Lake Alejandro,INACTIVE,2016-08-05,2022-06-30 14:12:35
e3d75245-7b73-42dd-8afe-db48aa9633d6,AGT64450410,Rachel,Gallegos,steven35@example.com,(631)776-7476,LIC671637519,IN,South Carolina,New Pamela,INACTIVE,2016-11-18,2020-02-10 18:48:34
a41260b8-27a8-4b7d-8ca3-9c1de7122112,AGT399529559,Diane,Mccarthy,david86@example.net,682-388-4317,LIC76847865,IN,Vermont,West Jillian,INACTIVE,2020-08-20,2025-04-13 12:05:58
f3171643-47ae-4814-b66e-492caf0688e3,AGT784900228,Robert,Jones,hayesmichael@example.net,001-632-491-9358,LIC91794308,IN,Wisconsin,Williammouth,ACTIVE,2014-08-20,2017-10-05 09:52:58
e2407b4a-d749-40a2-b2ca-bb74c3bd8320,AGT86622870,Savannah,Gilbert,richard57@example.net,910.741.5650,LIC68029051,US,Mississippi,Rebeccaton,INACTIVE,2020-06-16,2022-05-18 21:29:28
a0d5c15b-2bbd-4f16-9764-ce261ea642c4,AGT643593799,Brandon,Lambert,rfernandez@example.com,001-439-317-7396x95649,LIC141960923,IN,Florida,South Amandamouth,ACTIVE,2013-09-09,2016-02-11 18:40:33
163bdfeb-4a91-4be8-a9ec-a6d21321ab96,AGT49355348,Melissa,Lopez,drobinson@example.net,8444743016,LIC10239010,US,Oregon,Hensonbury,ACTIVE,2018-01-27,2022-04-18 06:12:38
fc787ada-81c2-4d04-8ea9-e8ebf5ddbe99,AGT3296035,Oscar,Jones,ypruitt@example.net,7246323613,LIC85505277,US,Pennsylvania,Melissafurt,ACTIVE,2013-08-05,2015-10-21 07:25:05
92da8299-00dd-4648-a23d-480288738bd3,AGT4130877,Elizabeth,Reynolds,daniel42@example.net,3038237403,LIC2718013464,US,Iowa,Portermouth,ACTIVE,2025-09-04,2026-02-17 06:13:28
5ec193da-627d-4e5b-b26c-57eaa7e9492a,AGT1218200,Ryan,Mcfarland,mgarcia@example.net,+1-556-872-8529,LIC85276026,US,Missouri,Emmaberg,ACTIVE,2023-09-27,2024-09-10 09:50:49
4caed2b8-45db-40e0-abfb-80163203aa16,AGT880970283,Leah,Parker,nathan73@example.net,+1-420-807-4106x92991,LIC1901543436,US,Hawaii,New Louis,ACTIVE,2022-02-17,2023-01-07 04:26:50
f297b3e3-8447-40ee-a6d8-32c350874f57,AGT150820843,Victoria,Scott,williammarsh@example.org,651.294.9221x0311,LIC3752671475,US,Utah,West Jefferyland,ACTIVE,2010-10-22,2011-06-30 08:42:36
554b59c4-25e9-44d8-bf0f-45c9613c7d71,AGT9013019,Kenneth,Preston,cmarsh@example.net,001-214-677-4530x93848,LIC377521333,IN,New Hampshire,New Stephanie,ACTIVE,2019-04-22,2020-12-24 06:55:21
f4ba3957-9f19-4b13-a603-c74696d59bc3,AGT82889333,Stacey,Scott,matthew31@example.org,+1-246-796-6154x039,LIC68525314,UK,Oregon,South Tylerland,ACTIVE,2017-03-22,2023-11-10 23:19:29
c88474f7-9bc5-42bc-98c1-d5f780d66a8f,AGT82680167,Rose,Esparza,gallen@example.net,(549)832-9044,LIC295206395,IN,Texas,Stephensport,ACTIVE,2022-01-25,2024-10-21 00:42:41
b915cb02-bdb4-4b8b-9ef5-f6fa38b315e8,AGT7975245,Angela,Meyer,catherinerodriguez@example.org,(686)524-4919,LIC28036773,UK,Nebraska,Port Alexischester,ACTIVE,2021-02-06,2023-10-10 21:53:48
1e71d188-f547-403f-9771-69119302cd2c,AGT5378396,Tonya,Lamb,xthompson@example.org,368-609-7446,LIC1639792060,US,Florida,Haroldside,ACTIVE,2017-06-23,2024-12-26 03:54:45
2290f53a-3dce-4dbd-912a-af43d04b26f0,AGT13136550,Yvette,Wells,johnsonvirginia@example.org,001-787-546-1858x419,LIC825289522,IN,New York,New Martinborough,ACTIVE,2011-10-09,2025-05-08 08:02:34
9c2c4390-910d-4b10-9644-4aad009808c4,AGT59456737,Jeffery,Brown,awyatt@example.org,+1-586-950-9650x5519,LIC662678740,UK,Delaware,East Sophiaview,ACTIVE,2020-02-05,2023-06-21 18:00:51
2a511485-8bc7-47b3-af0a-0c814123fff7,AGT57255720,Sandra,Gonzalez,ashleymitchell@example.net,719-617-1084x6747,LIC57182003,US,Georgia,Mathismouth,ACTIVE,2014-05-14,2015-09-02 02:51:46
eacc6455-b3e6-4868-85cb-3e95c9b7724d,AGT845073164,Jeff,Webster,crystal51@example.net,(681)578-5350x1287,LIC6979457933,IN,Hawaii,Christopherside,ACTIVE,2021-10-04,2024-05-22 23:54:07
452d396d-bca2-46d3-a742-cdcdd617b6db,AGT8622985,Jennifer,Jones,stanleysusan@example.com,001-750-804-2637x60211,LIC6907319338,US,New Jersey,Ericshire,ACTIVE,2023-04-12,2023-10-02 11:16:41
b77acc69-fb34-450e-a1f1-4f4753662a44,AGT835356198,Susan,Robbins,michealpetty@example.org,001-935-933-5662x535,LIC64269059,UK,Mississippi,Rebekahview,INACTIVE,2022-12-16,2023-02-05 19:43:59
6f8f935c-749d-4ace-a71e-75f1d1453edd,AGT348399497,Alexander,Garcia,dariusgreen@example.com,(302)493-5101x68261,LIC69605146,IN,Mississippi,Lake Tiffanyville,INACTIVE,2011-02-09,2015-10-25 12:50:54
6b86e742-c190-43d4-9fda-f1809282446b,AGT11462750,Melissa,Gaines,andrea98@example.net,+1-815-996-7511x6561,LIC918887811,US,Alabama,West Christineshire,ACTIVE,2021-02-17,2026-01-14 12:08:24
7f899144-db1d-439c-ada6-f13744854428,AGT68771274,Amanda,Smith,margaretmarquez@example.com,282.603.6595x587,LIC74533368,IN,Maryland,Alvareztown,ACTIVE,2012-04-06,2013-01-07 14:29:58
a2bd4b93-de7b-4ef0-86a3-5daaaef4bcff,AGT407007994,Jill,Henson,lisacaldwell@example.org,283.461.9254,LIC7294895105,US,Texas,Port Julietown,ACTIVE,2013-10-21,2022-07-01 23:24:40
90ba711c-f4f4-4ac4-ae8c-80100f8f328a,AGT2549246,Kenneth,Wells,saraglover@example.com,+1-786-654-1295,LIC2047389945,US,Oregon,Jimfurt,ACTIVE,2014-05-20,2020-06-27 15:28:47
ac28de40-c68a-4681-bf59-61f94b717b38,AGT67189650,Anna,Lin,jessicajohnson@example.org,(837)256-0171x7995,LIC8321278236,IN,Minnesota,West Dianeborough,ACTIVE,2017-02-23,2024-04-14 18:45:26
aadf5580-1d60-4512-a42e-cfe35b05883d,AGT80498472,Rhonda,Byrd,susan94@example.com,249.251.0810x4889,LIC73893112,UK,Delaware,Port Tracy,ACTIVE,2012-12-09,2019-11-19 23:20:03
0f085ff0-2873-4244-8bbe-934eb594b7f6,AGT32352754,Tonya,Sheppard,mirandabenson@example.net,723.340.5169x9151,LIC245198858,US,Minnesota,Jonmouth,ACTIVE,2016-12-01,2020-08-14 06:23:43
ce05a8d3-4832-4152-af27-54518893fc67,AGT886509126,Cassandra,Wood,susan01@example.org,001-618-525-1838x6689,LIC98335616,IN,Michigan,Julieside,ACTIVE,2018-11-10,2026-01-23 17:51:28
fcf096af-2456-40d1-bf18-2e6e011e3fb5,AGT859232499,Nicole,Robinson,danielle02@example.net,(572)889-8105,LIC333088334,UK,Pennsylvania,North Billy,ACTIVE,2014-09-16,2020-10-10 04:35:27
f9a5397a-521c-4aa3-bfc9-a342920d85ef,AGT947130239,Mallory,Flores,emily95@example.com,(593)716-2973,LIC70694614,IN,Pennsylvania,Dixonside,ACTIVE,2016-12-01,2020-09-05 06:05:04
76e0422b-c282-4678-beeb-b76668a9bfca,AGT8240906,Theresa,Johnson,hayeslauren@example.net,945.492.3164,LIC6754654936,UK,Idaho,North Alexville,INACTIVE,2012-03-19,2023-06-06 10:17:00
34e175c2-d15e-462c-bb6a-0bbed1b374e6,AGT5170758,Patrick,Galvan,pdavis@example.net,001-375-726-2708x8351,LIC15524261,US,South Dakota,Jonesbury,ACTIVE,2016-12-16,2018-11-08 03:35:12
fc9c71b2-9259-4846-80dd-234568f6d023,AGT5598049,Chase,Harmon,xlozano@example.net,001-206-398-8910x601,LIC8357183418,IN,Alaska,North Elizabethton,ACTIVE,2016-12-14,2019-02-27 00:53:30
e553c4b6-6bc1-47ae-8204-5367058c4678,AGT70997158,Colleen,Taylor,lori01@example.net,863-768-7922,LIC27483911,IN,Missouri,New Elizabethville,ACTIVE,2014-10-08,2017-04-29 09:38:30
8655589e-49bf-4b5a-8152-4c5e486e45d3,AGT64529461,Lawrence,Clark,wilsontabitha@example.net,+1-875-410-3057x746,LIC763634449,US,Minnesota,Curtisburgh,ACTIVE,2010-07-25,2024-08-26 19:36:38
6c19a45d-733a-4a77-832e-21bb00d078cf,AGT816312779,Kelly,Bailey,amandastevens@example.net,345-663-8746x959,LIC838272374,US,Rhode Island,Port Danielchester,ACTIVE,2022-10-30,2025-04-01 01:47:10
434f7cd4-4cce-42eb-be01-9ee9ac2207f2,AGT74413353,Timothy,Harrell,brittany47@example.net,471-396-6673x464,LIC71761050,IN,Nebraska,New Alvintown,ACTIVE,2017-12-28,2019-11-14 12:45:12
2c7d4f82-9559-476e-b454-7bead5c683d5,AGT18422575,James,Howe,robertsmarisa@example.org,001-332-773-0087x0072,LIC2202473916,IN,Alaska,North Melissa,ACTIVE,2018-05-07,2021-05-06 19:21:23
b6bb6f9a-ce0f-484c-b155-45d350f25e2c,AGT909019914,Donna,Stewart,frazierhunter@example.net,+1-526-967-6994x899,LIC63661489,UK,Iowa,Rhondaland,INACTIVE,2014-06-23,2018-04-24 00:05:39
42fd50eb-f299-4fd1-ae43-457eafaf562f,AGT163360842,John,Coleman,powersrobert@example.com,563-607-4442x718,LIC20130421,US,South Dakota,Jacobberg,ACTIVE,2011-07-14,2024-12-28 17:21:07
25b8b699-b2da-4539-8b1d-f60e5ca6cf71,AGT65499324,Johnny,Gross,linda91@example.com,(311)672-1014x54796,LIC28094939,UK,Utah,Michaelland,INACTIVE,2023-04-23,2025-11-23 22:43:39
c122b3df-0039-4da5-af16-4c59516d6bce,AGT825915117,Timothy,Luna,mgross@example.net,7843650058,LIC36696487,IN,South Dakota,Michaelhaven,ACTIVE,2011-05-26,2017-07-04 22:01:36
ec1de980-2c4e-4882-9b21-3886cb961a64,AGT817218428,Frank,Burton,haynesamy@example.net,576-543-9643,LIC976662361,UK,New Hampshire,West Cynthia,ACTIVE,2021-08-27,2025-09-27 10:10:48
f40f4d9a-258a-4c50-8f90-fe8844086333,AGT45764431,Jeffrey,Chapman,brittanyevans@example.net,(740)861-9432x197,LIC88372090,UK,North Dakota,South Jamesberg,ACTIVE,2016-01-21,2023-03-14 05:39:29
9da56266-2634-4a02-8201-4b8e1a717802,AGT339888854,Nicole,Whitney,tsnyder@example.com,+1-256-211-7478x570,LIC200076480,UK,Utah,Garybury,ACTIVE,2023-12-07,2024-08-14 03:53:13
d1506f99-04fc-4b83-bf13-9cb2432415b4,AGT807245374,Jessica,Haley,roberthogan@example.com,001-575-960-4904,LIC189860126,US,Oregon,Randymouth,ACTIVE,2018-04-16,2024-07-26 18:54:16
7985cb85-c2d9-4bc0-b257-858883946720,AGT31433403,Luis,Cortez,ashley53@example.net,(241)842-1738x18701,LIC1255416238,IN,Iowa,Schroedershire,INACTIVE,2018-11-20,2022-11-07 01:57:23
f4297b97-f5d0-40d6-b02c-e14cbd4513e7,AGT53464005,Mark,Romero,courtney18@example.org,788.773.7763,LIC1982332692,UK,Oregon,Port Frederickburgh,INACTIVE,2013-05-31,2022-07-27 17:08:15
ced3dd3f-d1d6-4fd9-a3e6-484aa719cd59,AGT8757080,Roger,Carpenter,wpowell@example.org,9892719036,LIC2829280129,US,Utah,Dakotabury,ACTIVE,2020-02-15,2021-09-09 14:37:52
7d693cac-d59f-4842-85e8-8c308d1e270f,AGT759300453,Barbara,Jacobs,manningpatrick@example.net,707-652-9451x45677,LIC123070350,UK,Alaska,Port Patriciamouth,ACTIVE,2010-11-26,2017-07-10 16:10:32
b6d6805c-7e92-437b-a56b-7696c86e9649,AGT69745439,Leah,West,zpalmer@example.com,001-858-604-3504x6302,LIC7289879971,US,Wyoming,North Ann,INACTIVE,2019-06-06,2019-11-24 19:39:18
a17dbacf-57d7-4b7b-804d-10825d5276e0,AGT1542450,Kendra,Wagner,emilyruiz@example.com,001-821-977-4601x5974,LIC594680851,US,Illinois,New Lauren,ACTIVE,2010-12-20,2013-03-09 04:01:51
24eac70a-76a6-4321-bd2e-5a34fec6de9a,AGT193160427,Natasha,Hall,amy80@example.org,001-458-766-2724,LIC2571994563,US,Florida,North Frankborough,ACTIVE,2025-02-16,2025-05-05 21:55:50
86919928-5f55-4767-b6cb-c49b8e4ed1ae,AGT7448436,Tabitha,Cook,ashaw@example.com,001-236-817-5189,LIC69708390,US,Virginia,Port Sharon,ACTIVE,2021-12-22,2023-09-03 11:30:49
7ae99849-2d89-4219-b04c-308423c5a1b7,AGT4049450,Melanie,Johnson,julie38@example.com,941.730.5717x95787,LIC26991897,UK,California,Evelynton,ACTIVE,2011-10-22,2024-07-01 16:14:49
46f3fd00-415b-4309-b9c9-e38aaee6abf8,AGT7422894,Alan,Goodwin,nicholas73@example.com,001-753-366-2775x62567,LIC6131724500,US,Kentucky,Smithfurt,ACTIVE,2010-04-18,2015-06-18 04:58:43
dd07bd3b-e21a-4ff9-8764-a0e148cca971,AGT98523677,Kyle,Miller,dabbott@example.org,+1-283-321-0398x709,LIC47778861,UK,Missouri,West Austinport,ACTIVE,2020-08-09,2024-11-20 04:44:58
c226c44a-7729-4f2a-8fb3-12535e6dcb5f,AGT4221853,Anna,Washington,jonathan53@example.org,001-908-297-9935x50199,LIC40138167,US,Rhode Island,New Lynn,INACTIVE,2017-04-14,2021-03-25 14:00:26
8ac42cc1-3219-4882-b092-c19438c916b2,AGT442643324,Sean,Holloway,andersonmichael@example.net,(294)748-6716,LIC222494954,US,Wisconsin,Petersfort,ACTIVE,2010-12-19,2013-05-31 11:47:47
2341bfc3-bd7d-435e-bc25-3ab10161c6d4,AGT3236874,Mary,Fox,nguyenchristopher@example.com,+1-492-288-1614,LIC5615775442,IN,Vermont,Cristianmouth,ACTIVE,2022-05-27,2025-12-08 13:30:50
d348559e-f720-467b-9636-af9fcd993b75,AGT54564556,James,Smith,campbellphyllis@example.com,(734)550-8443x7523,LIC5939753897,US,Montana,Perezberg,ACTIVE,2023-03-03,2023-08-12 08:52:12
47ab2561-6ac9-471e-8bf6-b02fac6defb9,AGT3298543,Stacy,Norris,denise74@example.com,970-528-3693x964,LIC8497039174,UK,Wyoming,East Christopherburgh,ACTIVE,2021-01-30,2022-05-14 01:36:40
d145658e-dd47-469e-b102-7780a2e22e5c,AGT6021241,Robert,Miles,sabrina81@example.net,6709095911,LIC597264657,UK,Delaware,North Jessicaton,ACTIVE,2019-01-19,2026-03-07 07:38:22
69fc365d-4ac4-48b3-a16e-6f9ecf87b6d2,AGT75681768,Catherine,Mann,lewislisa@example.com,350.645.7251,LIC908763369,US,Kentucky,Ericmouth,ACTIVE,2014-11-14,2016-10-26 21:29:22
9ca82528-9f01-4859-a176-f66e838d5c1f,AGT99974424,Kenneth,Carey,morgan55@example.org,(310)563-8807x0288,LIC678163217,US,Arkansas,North Michaelhaven,ACTIVE,2012-08-17,2020-08-04 11:33:54
d3e35506-959e-4bc6-8542-93cd1e8d0815,AGT491546038,Brian,Nelson,davenportselena@example.com,(285)730-3510,LIC6589524776,US,Nevada,Andersonville,ACTIVE,2014-04-28,2016-02-05 10:48:58
6a6c2780-fd71-4c18-ad82-d903d66631d9,AGT6441919,James,Webb,lross@example.org,(953)495-8324x474,LIC215845970,UK,Iowa,North Jeffery,ACTIVE,2014-10-19,2015-04-11 20:25:55
e8dfa998-1d16-43a5-83d8-f3ae7401ddd2,AGT2936208,Kathryn,Ortega,carrjeffrey@example.org,608-716-4577,LIC71310424,IN,Louisiana,South Garyport,INACTIVE,2025-10-07,2026-01-01 19:00:14
e89a7b57-b939-4101-a5fd-c97f2c5aa2a8,AGT272628428,Brianna,Cox,jacobyoung@example.com,+1-588-514-7478,LIC2198135124,UK,California,Kennethfort,ACTIVE,2023-11-23,2024-05-24 12:12:35
be0289b7-f2ab-45a8-9077-f09ce9279c11,AGT684842674,Robin,Guerrero,kelly99@example.com,(495)371-2779,LIC683382275,IN,Michigan,West Gregorytown,ACTIVE,2020-12-17,2024-09-15 17:49:53
1ecd4b3d-7729-4d8b-90c3-92bf8c70c9a7,AGT16215416,John,Reed,spencerwilliam@example.net,+1-989-211-5076x12361,LIC754638105,UK,Texas,West Thomasville,ACTIVE,2020-04-24,2023-12-21 15:11:23
70f79361-d370-4fc7-a075-c36e017eec97,AGT1028453,Victoria,Bartlett,krista49@example.com,220.535.5931x784,LIC303060003,UK,Iowa,West Jamiehaven,ACTIVE,2020-07-26,2026-03-31 04:36:45
1c216b55-aeff-4b75-85fe-4e66a69bac4e,AGT1685157,Johnny,Saunders,howardtyler@example.net,+1-823-641-4335x882,LIC94262370,IN,New Mexico,East David,ACTIVE,2016-12-30,2025-05-19 23:39:50
2b441771-771f-441a-8bf4-16e0fb34d688,AGT8943177,Katie,Howard,jasongray@example.net,(485)391-7667x1737,LIC762340335,US,Alaska,New Samanthatown,INACTIVE,2025-07-24,2026-01-20 05:50:44
6a4be11d-baf8-4a45-b227-4f608af685b2,AGT178985165,Brian,Williams,christiantucker@example.com,743.274.5867,LIC646435903,UK,Tennessee,Lake Joseph,ACTIVE,2026-01-21,2026-02-11 20:30:10
a987067d-637a-4b76-abca-15fadc7cea26,AGT90747685,Sarah,Day,edward17@example.org,981-976-9737,LIC96288860,US,Pennsylvania,North Steve,ACTIVE,2024-11-09,2025-07-06 01:03:47
5e7d9535-56ae-4c5b-b04f-b558ff686981,AGT368941049,Daniel,Stewart,pittsbrandon@example.net,938.268.4925x53216,LIC75574926,IN,North Carolina,New Amy,ACTIVE,2021-02-03,2021-02-19 16:05:32
817481ae-6aa8-442c-b3ab-4da9016b3e93,AGT73295782,Wendy,Dunlap,gregoryvaldez@example.net,(753)522-5475x6571,LIC9892725644,UK,Delaware,Austinmouth,ACTIVE,2022-10-30,2025-12-26 03:27:22
7df09336-b51a-4604-94d9-0b5ab4b46511,AGT276431236,Miguel,Ball,wmiller@example.net,+1-610-925-5625,LIC8735619968,IN,California,Richardville,ACTIVE,2019-01-19,2021-03-30 23:14:23
61481a64-7238-41c3-8be0-3b0d58ef50d7,AGT33867437,Donna,Tran,wandacarr@example.org,(710)532-1235,LIC40726447,IN,Iowa,Wigginsport,INACTIVE,2024-04-04,2025-08-11 20:12:35
06297bcd-ddf4-48cc-963e-7dab29ac2dc7,AGT7685241,Amanda,Simon,smithjames@example.net,912.746.2179x56744,LIC29563719,US,Florida,Bonnietown,ACTIVE,2023-03-28,2026-01-26 09:19:02
391bafb3-fed6-435f-b65e-ea51e9f57f5e,AGT4674007,Robert,Medina,ugill@example.org,(997)951-4769,LIC4255489275,UK,Texas,Kingstad,INACTIVE,2021-08-16,2022-10-27 06:20:31
f9fda713-83d0-45e5-9580-42a2d89aeb4e,AGT8230138,Robert,Bell,phillip18@example.net,(752)595-5442x62325,LIC55666499,UK,Minnesota,Craigside,ACTIVE,2014-01-08,2023-10-10 16:30:50
552809a5-5bf9-46e5-8b8a-167539684fff,AGT58522970,Laura,Moore,aguilarjames@example.net,409-398-2882x062,LIC78771685,IN,California,New Dennisport,ACTIVE,2013-09-17,2018-07-18 02:32:15
6c493e47-5c40-4475-8e69-388ba2d0119c,AGT407866123,Kevin,Sanchez,rileyjennifer@example.net,+1-630-726-3092x50715,LIC38060213,UK,Maryland,Michaelshire,ACTIVE,2013-07-06,2026-01-09 00:19:26
90b41d71-c8f2-4ded-909d-7c8f595b7436,AGT6369402,Anthony,Hutchinson,sandra99@example.org,702.344.5119,LIC33046910,US,Mississippi,West Nicholas,ACTIVE,2013-10-07,2016-05-13 06:09:35
b8320dbb-0675-4671-ae9a-0390f0e27018,AGT585266597,Francisco,Rogers,justinandersen@example.org,001-709-991-5931,LIC841256255,UK,Nevada,West Ryanbury,ACTIVE,2015-04-17,2021-04-28 14:59:48
1d44e09a-f8a0-4923-87ce-0323233614fc,AGT9050407,Melissa,Herring,shieldsadam@example.com,476.279.5040x7320,LIC6124302899,IN,Oklahoma,Lake Jordan,ACTIVE,2022-09-12,2026-02-26 03:16:12
12d705b2-b6da-45e5-bfa5-fb7f45be9462,AGT77712013,Denise,Avila,brittany89@example.net,511-692-9307,LIC6435006693,UK,Mississippi,Rogerston,ACTIVE,2012-07-30,2025-03-16 21:42:05
96fac607-4a4f-4980-ac46-87ae59ba72a4,AGT69172821,Marilyn,Parker,swallace@example.com,001-376-469-3469x54540,LIC78961204,IN,Maryland,North Charlene,ACTIVE,2016-11-07,2017-04-03 18:59:14
e52d6448-e7c6-48e0-8003-3cd01cfad942,AGT47468155,James,Carter,martinkyle@example.org,3236151466,LIC5898118516,US,Wisconsin,Williamsonstad,INACTIVE,2012-05-28,2019-06-10 10:55:22
4146df2c-61bc-4fc3-a40d-41ed294dd6e5,AGT53101285,Alexandra,Hall,margaretbuckley@example.org,762.248.0628,LIC3582985497,US,Colorado,Lake Anita,INACTIVE,2014-07-04,2022-12-12 04:18:44
a97f55c4-62ce-42a3-bb9b-8b9fe770f611,AGT871245953,Caroline,Kelly,yodermichael@example.net,591-867-1873,LIC958443817,IN,Georgia,Greenview,INACTIVE,2023-07-03,2024-10-11 03:07:45
3c1ae071-ed7f-4fa0-aaa6-897716d29851,AGT13412707,Michael,Mccoy,garrett47@example.org,+1-723-201-4581,LIC7744776897,UK,Nevada,Cookebury,ACTIVE,2023-09-06,2024-02-28 02:09:37
2cd4b327-f04d-428b-9018-3a09150682b9,AGT87862638,Christy,Adkins,david33@example.com,001-758-905-0187x559,LIC6692283165,US,Nevada,Lake Jeffrey,ACTIVE,2024-07-03,2025-12-13 16:47:25
7466c61e-2c1a-4a1d-9b63-af495f29ce6b,AGT6845707,Jeffrey,Valenzuela,hadams@example.com,(437)261-2417x7258,LIC1075776120,US,New York,New Chrisberg,ACTIVE,2012-02-25,2012-11-13 08:15:52
39f6ae23-4737-497c-b2ed-1460c041de3d,AGT336002971,Melissa,Miles,crystal30@example.net,880-574-7858,LIC1392914312,IN,Ohio,Nathanside,ACTIVE,2015-03-15,2024-08-10 23:38:17
f0f8869f-370b-48b5-aa89-615473e50602,AGT996237744,Manuel,Baird,richardsmith@example.net,+1-640-476-3424x328,LIC4400996802,US,Illinois,Andrewsfort,ACTIVE,2015-08-28,2024-06-08 18:16:14
890e32e1-2a49-4aee-8d43-63188e9382d5,AGT642741803,Samantha,Mcintosh,joe31@example.org,587-500-2343,LIC446898001,US,Arizona,Lake Jason,ACTIVE,2015-01-27,2020-04-22 07:00:08
8264faee-a2c1-4b96-961e-acefe501069d,AGT1153092,Rachel,Lee,robert67@example.org,474-284-0193x73211,LIC94783343,IN,New Mexico,Lake Tarafurt,ACTIVE,2012-11-24,2025-09-17 01:30:52
edfd5904-2547-4506-9d0b-3a5f11b37342,AGT74231790,Deborah,Alvarez,jacquelinewood@example.net,001-341-303-1447,LIC7960903184,IN,Georgia,Bestmouth,ACTIVE,2024-01-05,2024-01-10 03:15:03
524acde4-1f26-4b4f-848f-bccd39ad8848,AGT643432379,Ronald,Taylor,ekaufman@example.org,(520)266-5981,LIC27523054,US,Kentucky,Gravesside,ACTIVE,2013-03-15,2022-04-30 05:24:11
71df6684-a68a-4a30-b697-c83eaba578a5,AGT11528499,Natasha,Zavala,twalters@example.org,001-916-650-9524,LIC404542792,IN,Nebraska,Ronaldport,ACTIVE,2010-10-29,2011-08-28 19:36:17
66b868d4-5495-46bb-999c-1ea6c29e247f,AGT397066055,Michael,Wilson,johnlynn@example.com,001-841-436-2158,LIC4438690818,UK,New York,Amandamouth,ACTIVE,2011-02-12,2024-05-15 06:08:54
dd2e0ad2-691c-4419-a8c5-e558f47efb24,AGT65825153,Natalie,Gonzalez,bcooper@example.org,(981)667-9559x2806,LIC686400481,IN,Pennsylvania,Jennifertown,ACTIVE,2023-05-18,2023-09-16 22:00:52
86bccba8-c411-497c-b0ae-0b747f23018f,AGT523101502,Jason,Jones,mallory41@example.com,001-891-707-3206x4225,LIC48271916,US,Hawaii,Lanceland,INACTIVE,2015-05-08,2025-10-10 21:06:35
71b5cec6-4fb2-4a99-a5c8-29cc40f5b382,AGT5942637,Shane,Nelson,longerik@example.com,001-751-316-6344x709,LIC61239582,US,New York,Lake Kelsey,ACTIVE,2017-05-08,2023-02-03 15:50:58
68774594-81df-44fd-9f91-cd9fa3eb3f05,AGT420479068,Kelly,Taylor,jerrytaylor@example.net,209-318-7177,LIC544280157,UK,South Dakota,Austinborough,ACTIVE,2010-04-26,2017-09-21 21:28:53
7135bad7-01d5-4959-86bc-af931b0055f9,AGT507095021,Sean,Cannon,powellcynthia@example.com,(454)435-7789,LIC450584904,UK,Tennessee,North James,ACTIVE,2017-03-13,2022-12-31 06:54:54
b1c99e04-da94-40ef-93b7-34c57e63f8d1,AGT81021123,Michael,Rose,thomasmyers@example.net,(268)677-6672x575,LIC46805264,US,Hawaii,New Dawn,ACTIVE,2016-10-17,2024-02-28 13:00:20
9915ef99-7786-41cd-b841-c966b1eb299e,AGT8717614,Ann,Reese,wilsonangel@example.com,+1-858-711-0370x346,LIC8371256569,IN,Kentucky,North Jonathantown,ACTIVE,2017-01-15,2017-11-01 16:51:49
a1ac8c9a-56d9-4636-9989-3657f9df5a60,AGT92945822,Kim,Hayes,qjoyce@example.org,+1-477-834-8510x312,LIC260175639,UK,Vermont,Tanyamouth,ACTIVE,2019-11-06,2022-10-21 20:51:35
b63197db-3cff-463f-9b01-3cc8463a3889,AGT62222232,Ronald,Miller,donaldatkins@example.net,706-626-9532,LIC1862841862,US,Rhode Island,Jasonside,ACTIVE,2018-09-18,2022-05-15 07:46:10
1a833ee6-38b2-4de8-9d02-b0b79f4bf7b1,AGT119619901,Dana,Rhodes,tklein@example.com,607-529-5031x04248,LIC95544430,IN,Arkansas,West Jesse,ACTIVE,2010-12-28,2014-05-14 22:47:36
e1d0835a-b57d-4b5a-b422-67a72d5bc469,AGT3274725,Ricky,Calderon,adam23@example.net,(472)923-0773,LIC6072234519,UK,Washington,Taylorville,ACTIVE,2012-05-30,2023-03-01 14:54:10
60af3d2f-057e-4f07-846c-a966be37eccd,AGT622658911,Robert,Martinez,dennis73@example.org,(945)320-2264x00688,LIC7601993735,IN,Minnesota,Port Mark,ACTIVE,2015-01-27,2022-09-08 06:57:14
15bce5d9-241f-4c8a-a1b4-4ac48b8a34b9,AGT5484794,Rachel,Roth,brian15@example.net,001-344-265-7660,LIC42024085,IN,Kentucky,Alisonburgh,ACTIVE,2013-01-12,2024-09-22 20:44:38
d756db4b-2df4-47c0-9ff6-e6458b57269a,AGT3398620,Jeffery,Porter,leahbarrett@example.net,3888703076,LIC5332282814,US,Alaska,Romeroberg,ACTIVE,2021-09-24,2023-12-10 09:20:12
ab95beed-a91d-4382-896a-fc1ec62feada,AGT385854807,Anthony,Perkins,susanjenkins@example.net,995-249-8472x01474,LIC476953368,UK,Oregon,Port Taylorshire,ACTIVE,2011-10-30,2018-03-22 22:09:37
11e77816-dee1-426d-b9ab-ff61f2d17760,AGT68195287,Michelle,Nguyen,samantha23@example.org,001-883-714-7019,LIC66714235,IN,Alaska,Cantrellmouth,INACTIVE,2017-04-30,2025-11-22 17:53:33
8f1fdcca-2f71-409f-856f-da95ac4f8a9e,AGT1422416,Catherine,Carney,crawfordlogan@example.net,+1-288-695-5188x654,LIC8240785952,IN,Connecticut,East Erin,ACTIVE,2018-10-02,2022-08-08 04:04:34
af3305bd-84cb-4437-ada9-3932cbcd3346,AGT361200300,Justin,Carter,gbaird@example.com,+1-835-359-6096x288,LIC368414673,IN,New Mexico,Barnesland,ACTIVE,2013-05-22,2016-04-12 02:02:22
a4d3cca3-e13a-4416-8501-9d8c9c1089d2,AGT29169723,Jaime,Johnson,laneheather@example.org,450.522.1394,LIC8509827005,IN,North Carolina,Lake Robert,ACTIVE,2019-07-14,2022-10-10 03:16:59
4c4fb095-485f-42d6-8524-5376166ca804,AGT586486962,Robin,Osborne,melissa24@example.com,626-317-2893,LIC2757171817,IN,Nevada,Lake Carolyn,ACTIVE,2018-05-10,2025-08-07 00:10:03
f59d42f4-6376-485a-b8f2-eff7e38d400e,AGT3731718,James,Underwood,crussell@example.org,993.977.3528x385,LIC492382162,IN,Rhode Island,Stephaniestad,ACTIVE,2022-06-10,2025-02-27 15:34:18
ced0ae0d-3643-4dc9-9e0d-dc9fef488a39,AGT7647572,Emily,Johnson,tdeleon@example.com,001-768-688-4894x2608,LIC48820156,US,California,East Julia,ACTIVE,2024-03-12,2024-11-08 05:26:11
339df446-7b71-45d8-9aee-e9d91e72bdfd,AGT1519785,Jonathan,Lane,wblack@example.net,7528996182,LIC1157948698,UK,Tennessee,Port Kevinbury,ACTIVE,2022-05-09,2025-10-15 11:18:07
6f30a354-d65f-4936-b149-7e052b7d29d1,AGT99844523,April,Sexton,frostelizabeth@example.com,001-521-550-4572x250,LIC726186934,US,Indiana,Jordanfort,ACTIVE,2012-03-23,2014-01-23 20:05:18
0328f583-49b5-41b7-bb30-15ae0b08b3f4,AGT28905178,Austin,Moses,ryanrodriguez@example.org,001-507-569-9713,LIC4067751038,IN,Alaska,Reedfort,ACTIVE,2015-11-26,2025-08-01 15:14:29
7928b75b-caf0-47a1-b248-4f33f41bb1e5,AGT872883151,Travis,Taylor,jennarodriguez@example.net,001-567-368-3694,LIC644182870,IN,Texas,Changchester,ACTIVE,2018-06-28,2022-03-13 16:10:29
63ee887e-db6e-482c-b8e8-634da5444228,AGT90077288,Kayla,Baker,donald00@example.org,293.818.3857x628,LIC4726342567,UK,Illinois,Port Vincent,ACTIVE,2024-01-18,2024-10-24 03:11:21
d9d382cf-7ea6-419b-ae2e-3f207677be92,AGT73395296,Raymond,Lane,droy@example.com,270.608.8061x476,LIC104197561,UK,Vermont,Barbarachester,ACTIVE,2014-11-26,2016-11-20 03:30:35
c7ce37fd-22fd-4eae-9943-63a0a661f89f,AGT9381986,Hailey,Holland,molinabrian@example.org,001-627-278-9533,LIC5250649091,UK,North Dakota,Dwaynefurt,ACTIVE,2025-08-27,2026-01-17 20:12:31
00ee15d5-6ffe-45ae-8972-8623b05db7d1,AGT23537202,Charles,Spencer,melissa85@example.net,001-858-268-5902,LIC62572797,US,Ohio,Lake Alanview,ACTIVE,2023-06-20,2024-06-17 09:20:39
c08f52cc-4ec6-411f-9f30-9bfa200eb7fd,AGT303970128,Leah,Roberts,johnburke@example.net,376.753.2243,LIC319966218,US,Indiana,Figueroaside,INACTIVE,2024-07-08,2025-04-12 22:02:39
b362bbd9-f2fc-452f-a2ee-ca68b6a15548,AGT354926262,Ashley,White,nperry@example.com,911.363.4120x9800,LIC43638466,US,New Jersey,South Juan,ACTIVE,2020-04-09,2025-08-14 10:16:37
7f8387f8-2a23-4e52-b530-de78cea71ac8,AGT111820978,Adam,Miller,josephamy@example.net,749-983-6160x66869,LIC2530658118,US,West Virginia,Troymouth,ACTIVE,2015-03-21,2024-03-11 11:27:59
d2c8d435-5f1d-4eb7-9208-ca756f4545b0,AGT222114133,Lisa,Wilson,wrighthannah@example.org,+1-506-721-8398x49795,LIC37153151,IN,Florida,Boothfort,ACTIVE,2023-10-06,2026-04-03 08:08:59
88717b07-4dae-4510-a15c-3a356993bdda,AGT74659007,Christopher,White,eric80@example.org,001-682-728-9353,LIC641284492,UK,North Carolina,Port Sue,ACTIVE,2025-01-14,2026-01-23 11:48:40
150585ba-59f7-4203-a98f-15080d9e2c42,AGT28896812,Cassie,Brock,david71@example.org,001-263-264-8705,LIC1233713435,UK,Minnesota,South Christopher,ACTIVE,2021-08-09,2023-10-08 03:00:47
2951d03c-2959-45a3-91ea-cfb6d45d8869,AGT8710546,Michael,Miller,wrightgabriel@example.net,464.767.1623x44473,LIC53968862,IN,Maryland,Heathville,ACTIVE,2021-03-19,2023-10-22 08:41:12
3cf674a3-5c16-42a6-97d0-8098faa163fd,AGT455368286,Morgan,Benitez,sarahmatthews@example.org,911-283-2143,LIC8735746315,US,Pennsylvania,Lindaburgh,ACTIVE,2014-04-25,2023-09-20 21:53:22
c42adc24-8da4-4926-a969-59edc398bffc,AGT58902421,Jacqueline,Oneal,elizabethwong@example.com,696.238.8149x16118,LIC8006906315,IN,Vermont,Khanland,INACTIVE,2026-01-22,2026-03-05 17:38:50
3a6e4f3d-b1a4-41b1-ba15-3d2a31adea1c,AGT9351628,Shelly,Woods,jameshernandez@example.net,3365966236,LIC1637923086,UK,Kansas,Coxton,ACTIVE,2012-10-26,2016-08-15 00:27:56
53d1f737-e378-41ea-a0ad-7af73ff49b4d,AGT847659446,Taylor,Castillo,brookebrown@example.org,001-219-465-2641x2457,LIC6708018345,US,California,West Jeremymouth,ACTIVE,2018-06-28,2021-12-23 04:02:53
f2522fdb-02dd-4b01-b45b-2f9b52bd7b72,AGT9111076,Daniel,Rose,timothybenton@example.org,586.601.9645x39366,LIC78999066,UK,Delaware,New Darrenside,ACTIVE,2010-07-11,2018-02-01 00:40:58
9f0a6595-6445-4ec6-bf58-0d112e1b6e7f,AGT6318642,Nicole,Jensen,riverastephanie@example.net,(998)541-8297x62414,LIC7097210373,UK,Iowa,New Daltonbury,ACTIVE,2010-11-01,2019-12-15 15:05:45
24415566-452d-4847-a418-eba01bb7a25e,AGT7805211,Amanda,Gutierrez,hannah37@example.net,8763558459,LIC39973072,UK,Pennsylvania,Johnchester,ACTIVE,2019-05-06,2019-08-28 13:27:45
3fee3f0d-82a9-4f11-9bfa-aedd064a153c,AGT890735981,Wendy,Neal,deborahmartinez@example.com,732-297-2179,LIC418976399,IN,Oregon,Port Marieville,ACTIVE,2014-09-25,2021-01-15 13:11:06
b5d19cb6-b154-47e3-8d9d-67e65b441646,AGT43290038,Richard,Anderson,apatterson@example.org,(529)619-8347x15316,LIC7790526728,UK,Maine,Michaelmouth,ACTIVE,2014-07-27,2015-05-01 14:51:01
7e17686e-39e3-40a1-8a01-b25996294aa5,AGT28317502,Wesley,Nelson,makaylakramer@example.net,+1-798-725-7292x54006,LIC9124131251,US,Montana,Meganborough,ACTIVE,2024-12-06,2025-04-10 16:42:28
a94bd879-1fd5-4367-8053-dd9f04c1f82c,AGT70186262,Brittney,Ramirez,lisagordon@example.com,827-717-0545,LIC2878908873,IN,Maryland,Whiteheadfurt,ACTIVE,2016-06-30,2018-12-06 22:50:48
54cad081-4baa-4e64-b9aa-c2741b439f78,AGT8687674,Keith,Mccullough,fcortez@example.org,986-629-5194x2569,LIC494138194,IN,New Jersey,Oscarmouth,ACTIVE,2015-04-17,2025-07-02 17:57:15
cd3fe2a9-a784-4b5f-9388-0d6fbf9c05ae,AGT9970279,Christopher,Gonzalez,leachjanice@example.org,(892)737-8592x3354,LIC56643082,IN,Hawaii,Lake Bethhaven,ACTIVE,2022-01-10,2024-01-08 06:20:25
d56eca7d-3c48-4e8d-99eb-3c177c4093da,AGT330307969,Linda,Frey,jonathan29@example.net,(423)676-7727x370,LIC83431619,UK,Virginia,Mackenziehaven,ACTIVE,2017-01-22,2023-12-17 09:53:46
b6618e7e-2044-4967-867b-38809150c90a,AGT681849447,Bridget,Boyd,koneill@example.org,3119930472,LIC3527067613,IN,California,West Alyssatown,ACTIVE,2019-07-04,2021-02-17 02:00:45
911c31ed-2272-458d-ac4e-b01b81c97a0f,AGT348921552,Amber,Fitzpatrick,robertmarshall@example.com,9216551742,LIC94508026,US,Maryland,Julietown,ACTIVE,2023-09-01,2024-06-18 17:23:34
870fd1d4-ba5b-449d-8e6e-b18efd810997,AGT939759597,Rhonda,Wheeler,hhill@example.net,(810)849-9502x9950,LIC4030222685,UK,North Carolina,Durhamton,ACTIVE,2026-01-04,2026-03-07 13:31:09
684725e9-35ae-41cf-aded-529c3cbcd8c2,AGT75911672,Mark,Santos,kevin66@example.net,218.865.9126,LIC2424655609,IN,Maryland,Smithview,ACTIVE,2019-06-15,2020-11-13 15:33:15
3725bc4d-129c-4b7c-b3ef-77ac2602e619,AGT648932164,Sandra,Hall,patrickmeza@example.net,8186536526,LIC61101670,US,Rhode Island,Bentonmouth,ACTIVE,2012-09-16,2015-06-20 12:37:39
48a465bc-3f6b-41bd-82ed-52c97215df5b,AGT737007700,Claudia,Brandt,holly92@example.com,+1-686-745-3913x183,LIC5763014646,US,Nebraska,Whiteport,ACTIVE,2023-01-11,2024-10-01 06:17:14
dcf55d99-d20b-449e-8d41-9144cba5f97c,AGT1415040,Brian,Chandler,danielle25@example.com,848-941-4014,LIC830239416,IN,Mississippi,Tristanmouth,ACTIVE,2012-06-28,2016-07-22 08:59:32
39746c5b-7d00-4e58-9d87-1aa06082f1d8,AGT9231714,Kathryn,Curry,albertgonzalez@example.org,446.957.2737x377,LIC4990181297,IN,Missouri,Wagnerfurt,ACTIVE,2019-07-08,2024-03-05 12:19:01
5fce2170-ef18-4407-9cd5-105fc6112a03,AGT189667096,Patrick,Thomas,cjohnston@example.com,+1-690-299-8764x147,LIC60810250,US,Colorado,East Brandon,ACTIVE,2013-10-03,2020-10-30 11:37:34
ae198f5b-efa4-40c6-bedd-d97b3f61f1c6,AGT781783423,Michelle,Ramirez,elizabethanderson@example.org,+1-222-971-2437x9756,LIC4472190868,US,North Carolina,Pachecostad,ACTIVE,2022-11-15,2025-07-28 13:04:55
b8aa7816-fd99-49ff-9605-b171e80e8a6e,AGT25144072,Bill,Harris,marshallsydney@example.org,(235)445-5552x33597,LIC8230750639,US,Montana,Port Derekbury,ACTIVE,2023-03-30,2023-04-28 10:48:35
633d13ac-b1df-4b3d-9fff-e7e3eda4f939,AGT80983400,Kathy,Mcfarland,lisadavis@example.net,(437)472-9036x43900,LIC643899241,US,Oregon,Woodsside,ACTIVE,2023-11-13,2025-06-09 08:12:19
fa6b616b-34e9-432a-95fd-353e77a2ae86,AGT716251135,Lisa,Tucker,corey21@example.com,(779)832-7250x045,LIC562550249,UK,New Hampshire,New Erinchester,ACTIVE,2011-04-10,2022-09-08 19:40:26
c6f3714d-ff71-4445-b8cb-8cc8d445da4a,AGT620584036,Victoria,Greene,austinyu@example.net,(547)543-4540x67562,LIC1198044759,US,Arizona,Melissafurt,ACTIVE,2025-08-04,2026-04-04 05:31:04
10fd0d57-f733-4c54-a347-1f7e6b18e27c,AGT6142361,Kelly,Williams,fyang@example.org,2157523016,LIC54156142,IN,Nevada,South Paulstad,INACTIVE,2015-07-01,2015-08-02 21:46:15
130e2e89-0cb5-4f96-a0c2-ad53a902f89f,AGT4745929,Sheila,Maldonado,cgreen@example.com,3549964475,LIC37208044,IN,Indiana,South Adam,ACTIVE,2025-09-28,2025-11-27 02:37:23
ae4bcc94-a025-4ff2-94a9-b3065588ec46,AGT78720398,Gloria,Reed,burnsmichael@example.com,+1-734-444-7659,LIC422036100,UK,Nebraska,Lake Robert,ACTIVE,2018-06-19,2024-11-11 16:20:07
1823f9a4-1226-4d09-894c-6a9541277fae,AGT16039866,Brian,Hancock,joel98@example.org,001-507-515-4694x39692,LIC2706013388,IN,Vermont,South Kevin,ACTIVE,2020-07-06,2022-06-08 05:19:13
e09052ed-de4c-4687-a8ad-8c149b24f272,AGT71603168,Kelly,Cervantes,wgiles@example.org,(741)316-4386x74477,LIC2440837760,US,New Hampshire,Lake Wayneshire,ACTIVE,2015-09-05,2024-04-10 02:03:58
0715b596-3c6e-4369-84d0-e51f7c31045e,AGT64533936,Adam,Henderson,aaronjohnson@example.org,(537)493-5287x88581,LIC8698469265,IN,Connecticut,Davisshire,ACTIVE,2018-06-10,2019-10-02 09:56:52
226b5815-3052-4f9a-bfd2-b48664316d74,AGT87108402,Eric,Weaver,hillmichael@example.org,001-661-473-4987,LIC7266325265,IN,Massachusetts,Lake Walter,ACTIVE,2021-09-23,2023-08-27 11:46:09
b64dd601-9945-44cc-8b81-b1ae80070ab5,AGT1371847,Jaime,Mccormick,lisa40@example.org,560-633-4499,LIC768464060,IN,Massachusetts,Brendabury,ACTIVE,2011-05-06,2016-05-21 21:12:04
0c53c700-c073-4d7d-a1db-67ac1fe677e7,AGT2750972,Erik,Grimes,carmengarcia@example.org,001-576-551-6002x40698,LIC363206989,UK,Louisiana,West Alexaton,ACTIVE,2019-01-16,2023-04-09 16:42:45
5d2fa6d9-1cad-4a31-be9f-9114b2625f78,AGT842738581,Kevin,Walton,reedlisa@example.net,7867024355,LIC9432676063,US,Minnesota,East Alicia,ACTIVE,2026-03-03,2026-03-18 19:40:03
cd08c449-9290-4223-9c1e-9eb07eb168d0,AGT167935141,Eric,Dorsey,larry00@example.net,818.785.7708x84371,LIC993043819,US,Vermont,Port Shelleyview,INACTIVE,2016-03-11,2016-07-27 04:28:40
b9f37f0e-b21c-4a1d-946f-309a1c1f7901,AGT82767140,Christopher,Hunt,hpowell@example.net,909.588.1459,LIC195231688,US,Indiana,Bryantchester,ACTIVE,2019-01-04,2025-07-28 11:42:51
57830dc6-9cab-416a-8e9c-ec7c0b0fbb76,AGT78985546,Derrick,Murphy,alexandria36@example.org,7957484015,LIC418450468,IN,Pennsylvania,Hintonview,INACTIVE,2014-08-16,2016-11-01 06:58:50
b25c1c61-abf2-42bb-882a-f6944cce31dc,AGT94238676,Barbara,Ramirez,james50@example.net,414.447.0231x8294,LIC75779115,US,Ohio,Lake Raymondmouth,ACTIVE,2018-02-26,2020-02-19 17:42:02
3e464b06-132b-48e2-878b-df7639dc251e,AGT6430691,William,Garcia,lindseymcgrath@example.com,980.887.9496x12310,LIC372207913,IN,North Dakota,Lake Scott,INACTIVE,2021-04-20,2024-09-11 16:41:05
7df553e0-f1d0-443f-b097-569accf7b4b1,AGT6469537,Leslie,Palmer,anne38@example.net,(837)465-9307x874,LIC3379083966,UK,South Dakota,Port John,ACTIVE,2010-02-26,2014-07-15 08:57:21
1e98a2eb-601d-4d2d-a79c-6b3a46172508,AGT44256505,Stephanie,Fernandez,cantutammy@example.com,221.592.6145x4718,LIC914254202,IN,Wisconsin,West Jasonborough,ACTIVE,2020-11-13,2023-10-15 12:59:02
113c80e8-5455-4b93-997a-34a78b2552e0,AGT70983924,Tammy,Williams,sross@example.com,874.687.6210,LIC33397727,US,Alaska,Dixonport,ACTIVE,2020-07-12,2023-08-26 18:56:44
f070a62d-271b-4da1-88ca-b668186ad595,AGT6018190,Michelle,Waters,fowlerdebra@example.org,418.793.9231x93373,LIC25454272,US,Vermont,Turnerview,ACTIVE,2013-01-18,2013-02-23 21:55:55
2b7462a0-77a1-460d-a50a-0bd34c7bd6fb,AGT17433099,Brandy,Juarez,frederickbarry@example.org,386-697-5795,LIC576376102,UK,Indiana,Port Stevenfort,ACTIVE,2023-06-05,2025-08-22 00:03:14
31bfc731-e4f2-4ffb-9543-d910695c6973,AGT637472376,Bruce,Baker,jaredlawrence@example.com,999.377.7693x81787,LIC94736929,US,Illinois,East Roberthaven,ACTIVE,2018-07-02,2022-05-06 02:25:24
56cd607d-492b-40c4-803b-5bcf8096bf73,AGT14203507,Kimberly,Ramirez,robert53@example.com,+1-819-436-2752x966,LIC2524659050,IN,Utah,Aliciaton,ACTIVE,2018-02-16,2023-09-13 23:12:25
462fd2c6-c665-4ddc-a9ca-5440792857af,AGT247279205,Jeffery,Herrera,shannonrobinson@example.com,(968)551-6757x6432,LIC2168408152,UK,Indiana,Heidiville,ACTIVE,2017-08-21,2022-05-01 18:07:31
d864817e-e72b-4244-b13d-cce2f241abb0,AGT8697846,Brian,Phillips,dustinweaver@example.com,245-825-6723x2791,LIC619680588,UK,Idaho,East Tammymouth,ACTIVE,2020-08-21,2025-11-02 00:56:13
b24337c0-546a-4e85-855e-994dbb02aab6,AGT6638141,Kevin,Phillips,todd48@example.org,441.779.8999,LIC9021302943,IN,Texas,Andrewbury,ACTIVE,2024-09-13,2025-12-15 16:18:36
4a317121-09d9-4706-967f-9ed4cecee3fe,AGT21120572,Karen,Dawson,litara@example.net,902.645.2189x53175,LIC399146149,UK,Kansas,Robertland,ACTIVE,2010-08-17,2021-12-25 15:47:54
116ff298-b271-4183-ba8a-062ce74a92d4,AGT33643143,Michael,Gonzalez,john65@example.com,720.228.7649x14673,LIC980618031,IN,Delaware,Port Donnaland,ACTIVE,2014-10-12,2020-10-15 20:21:22
3219a97f-3ea9-45f7-a195-5b59f6eed779,AGT56847380,Kathryn,Miranda,mitchellshannon@example.org,260-320-5945,LIC110920027,UK,Pennsylvania,Harrisshire,INACTIVE,2013-06-30,2015-01-13 16:20:17
17487d7b-e6ae-4a24-8400-c4c17bb6b618,AGT102419362,Heather,Clark,walkernoah@example.org,249.342.1143x1087,LIC7012672519,UK,Pennsylvania,East Sabrina,ACTIVE,2020-07-31,2020-11-22 04:03:08
31e173ea-a1de-4139-b065-d6a5c07f95aa,AGT9380790,Jessica,Mitchell,trichard@example.com,793.843.3821x32505,LIC65117956,IN,New Jersey,Paynetown,ACTIVE,2016-09-28,2023-03-03 23:56:11
e38d108e-6273-4d38-bc3e-ee2b8032a21f,AGT632621886,Gregory,Nash,vmayer@example.com,001-609-964-1313x552,LIC96922837,US,Georgia,Smithstad,ACTIVE,2018-06-09,2024-01-14 01:13:34
08b970f0-b345-46cb-9a14-4677e8743340,AGT324163039,Nicole,Gonzalez,kristinaalvarado@example.net,746-826-5541,LIC476003214,IN,Texas,Lake Robertport,ACTIVE,2025-06-21,2025-07-01 11:49:33
77182777-1e9d-41dc-8232-0143d6917d52,AGT5340079,Erica,Murphy,brandon56@example.net,654-899-7291,LIC147669717,UK,Vermont,Port Carlyview,ACTIVE,2018-04-23,2023-05-16 13:05:54
2aa10c53-e1c1-4daf-ad43-ebda44ecfbf1,AGT9397505,Gary,Erickson,branchstanley@example.org,666.353.6420x422,LIC16367732,UK,Virginia,Rachelport,INACTIVE,2017-01-18,2018-06-20 01:57:15
0d4c8b43-a3af-4fa8-91a5-f92219c48eaf,AGT659127741,Erica,Dickson,kylie87@example.com,272.782.0435,LIC99031818,US,North Dakota,Antoniotown,ACTIVE,2023-11-29,2025-06-01 23:25:15
282c5d49-063c-48cc-90ba-06a0bd762972,AGT685533556,Melinda,Garza,wilkinsonmelanie@example.com,491.623.2918x2589,LIC99698984,UK,North Carolina,Hodgestad,ACTIVE,2018-05-05,2022-05-23 13:55:51
280f4d19-7bb5-4421-aec9-cf8145a6ac5a,AGT221751761,Michael,Juarez,acline@example.org,5202202662,LIC267091100,US,Kansas,Christopherview,ACTIVE,2020-08-21,2026-01-20 16:05:53
02f6c30c-b32f-4571-b199-2a5a5cc7653f,AGT6334091,William,Montgomery,anthonybecker@example.org,721.956.6662,LIC95747876,UK,Kansas,North Johnathan,INACTIVE,2023-12-20,2025-04-06 20:27:57
64bda7c3-6183-471b-82bd-de427906b1b1,AGT41935605,Alexander,Nash,wallacemadison@example.org,(336)633-6245x3161,LIC6663876034,IN,California,West Kaylaport,ACTIVE,2010-01-08,2021-12-11 17:56:03
45e46e5e-062a-4f7a-b611-f1681c3da917,AGT407116594,Holly,Maldonado,andrewhanson@example.org,6725162178,LIC152727620,US,Maine,Lake Diana,ACTIVE,2016-11-22,2024-05-05 22:49:58
22f8d930-aee2-44cb-ad13-544fd7d0bd42,AGT609874865,Jacob,Larson,angela92@example.com,946-485-2767x83955,LIC806883877,IN,Massachusetts,West Debra,ACTIVE,2011-05-25,2022-08-03 14:59:33
2f512710-5401-49eb-8c1f-0a58530dbccf,AGT2245131,Christian,Simmons,zsexton@example.org,(777)704-9598x32887,LIC2400250952,US,Texas,New Richard,ACTIVE,2022-05-25,2024-01-12 00:40:25
afb35128-5015-4d51-b184-4ce261798beb,AGT8871326,Monica,Fields,qpayne@example.com,+1-216-739-3900x237,LIC538066799,IN,Utah,Dianeland,ACTIVE,2023-10-17,2024-02-23 05:01:47
fea051ab-f627-4a59-929f-5f29bb1ef36e,AGT728165485,Tonya,Ellis,kellypamela@example.com,001-827-910-4760x74779,LIC6309236952,IN,Maine,West Brendamouth,ACTIVE,2011-12-14,2021-07-10 23:14:21
448052d2-2551-4ec2-833c-2bb5b5a319cf,AGT622617031,Paul,Gallagher,jonathonperkins@example.org,+1-578-867-2286,LIC66239790,IN,Maryland,Thomastown,ACTIVE,2025-08-06,2025-12-29 15:37:56
632bfaa4-0fbd-4f7b-8802-1de7f47631c4,AGT753818289,Caleb,Moran,jennyklein@example.org,211.332.6533x35636,LIC3240921946,IN,Texas,North Angiefort,ACTIVE,2014-04-20,2022-05-21 18:35:23
